date,fmisid,station_lat,station_lon,temperature,humidity,wind_speed,precipitation,fire,days_since_rain,temp_rolling_7d,precip_7d_sum,consecutive_dry_days
2022-08-23,101851,65.868932,24.179364,14.06,72.58,2.88,0.0,1,0.0,18.405714285714286,19.8,0.0
2017-09-04,101785,64.66589,24.40695,12.41,73.96,3.55,,1,0.0,12.144285714285715,,0.0
2020-03-20,101690,64.05029,24.72468,-4.97,60.5,3.51,0.0,1,2.0,-1.4728571428571429,10.799999999999999,2.0
2025-05-01,101785,64.66589,24.40695,2.52,82.96,7.06,,1,0.0,1.3871428571428572,,0.0
2019-09-22,100683,60.303725,25.549164,6.52,68.92,4.9,,1,0.0,8.608571428571429,,0.0
2020-05-07,137208,62.393322,25.688617,4.78,56.67,3.55,0.1,1,3.0,5.748571428571429,1.1,3.0
2019-09-23,100947,60.37788,22.0964,7.67,70.12,3.55,,1,0.0,10.254285714285714,,0.0
2018-07-15,100947,60.37788,22.0964,22.51,59.79,3.55,,1,0.0,19.16857142857143,,0.0
2019-05-05,101104,60.813972,23.49825,3.75,71.42,3.93,0.0,1,0.0,4.742857142857143,11.5,0.0
2026-04-21,101785,64.66589,24.40695,4.27,78.38,4.18,,1,0.0,4.548571428571429,,0.0
2025-05-29,101785,64.66589,24.40695,8.76,80.73,3.32,,1,0.0,9.959999999999999,,0.0
2022-05-30,101065,60.515647,22.279155,12.65,71.96,1.85,,1,0.0,11.494285714285715,,0.0
2016-08-18,101785,64.66589,24.40695,15.75,80.58,4.37,,1,0.0,13.73857142857143,,0.0
2021-08-28,137208,62.393322,25.688617,13.75,81.92,2.12,0.0,1,1.0,10.778571428571428,49.0,1.0
2024-08-14,101851,65.868932,24.179364,18.07,80.0,2.11,0.0,1,1.0,17.34,22.9,1.0
2018-09-28,101851,65.868932,24.179364,1.25,78.79,1.0,0.0,1,0.0,8.198571428571428,13.9,0.0
2025-05-18,137208,62.393322,25.688617,13.08,57.17,3.59,0.0,1,3.0,8.702857142857143,5.4,3.0
2021-10-14,101851,65.868932,24.179364,2.72,93.58,4.3,11.6,1,1.0,6.035714285714286,16.9,1.0
2020-05-13,100947,60.37788,22.0964,4.21,88.29,4.9,,1,0.0,6.5685714285714285,,0.0
2015-04-23,101851,65.868932,24.179364,2.12,72.58,1.58,0.0,1,6.0,4.017142857142857,2.3,6.0
2016-05-09,101150,60.999201,24.491625,16.03,52.71,2.06,0.0,1,7.0,13.375714285714285,0.0,7.0
2020-08-28,101785,64.66589,24.40695,11.67,62.42,3.25,,1,0.0,15.624285714285715,,0.0
2025-09-17,101785,64.66589,24.40695,13.7,86.7,4.42,,1,0.0,15.569999999999999,,0.0
2017-08-03,101851,65.868932,24.179364,15.14,87.71,0.95,2.3,1,1.0,16.984285714285715,2.6,1.0
2022-12-24,101851,65.868932,24.179364,-15.03,85.83,1.52,0.0,1,1.0,-7.598571428571428,20.2,1.0
2024-08-14,101237,61.040298,28.129162,19.03,74.17,1.79,0.0,1,1.0,16.984285714285715,32.9,1.0
2015-04-10,101785,64.66589,24.40695,2.49,84.25,10.95,,1,0.0,2.2857142857142856,,0.0
2018-05-26,101851,65.868932,24.179364,13.44,46.5,1.7,0.0,1,7.0,10.925714285714287,0.0,7.0
2015-10-12,101785,64.66589,24.40695,5.58,96.46,7.47,,1,0.0,3.012857142857143,,0.0
2021-12-20,101785,64.66589,24.40695,-8.86,80.67,7.0,,1,0.0,-0.044285714285714296,,0.0
2017-05-03,101194,60.6965,26.811056,7.03,50.33,,0.0,1,2.0,4.511428571428572,11.6,2.0
2019-06-17,100947,60.37788,22.0964,18.7,68.88,4.73,,1,0.0,15.677142857142856,,0.0
2025-02-03,101785,64.66589,24.40695,-12.67,84.24,5.09,,1,0.0,-1.362857142857143,,0.0
2018-04-22,100947,60.37788,22.0964,5.26,79.33,4.92,,1,0.0,4.978571428571429,,0.0
2022-05-25,100683,60.303725,25.549164,12.97,62.79,3.26,,1,0.0,10.301428571428572,,0.0
2023-12-25,101785,64.66589,24.40695,-3.7,93.83,3.53,,1,0.0,-2.415714285714286,,0.0
2024-07-24,101785,64.66589,24.40695,21.43,73.83,3.22,,1,0.0,20.139999999999997,,0.0
2021-07-04,101785,64.66589,24.40695,22.72,65.67,2.81,,1,0.0,16.944285714285716,,0.0
2024-07-24,137208,62.393322,25.688617,20.83,70.75,2.33,0.0,1,3.0,18.97142857142857,16.2,3.0
2026-05-06,101150,60.999201,24.491625,6.0,47.0,4.01,0.0,1,1.0,9.691428571428572,1.2,1.0
2025-09-11,101536,62.510444,24.807639,17.06,76.25,4.11,0.0,1,1.0,16.04285714285714,35.0,1.0
2024-08-20,101785,64.66589,24.40695,17.93,59.29,6.45,,1,0.0,17.31142857142857,,0.0
2021-04-17,100683,60.303725,25.549164,9.07,39.79,6.19,,1,0.0,5.011428571428572,,0.0
2025-10-23,100924,60.111626,21.698278,9.77,96.08,7.33,,1,0.0,8.352857142857143,,0.0
2024-07-21,101660,63.75144,22.52282,17.76,86.21,4.94,,1,0.0,17.877142857142857,,0.0
2025-05-16,101785,64.66589,24.40695,6.15,73.39,2.66,,1,0.0,5.337142857142857,,0.0
2019-04-23,100947,60.37788,22.0964,7.36,79.25,4.1,,1,0.0,6.4157142857142855,,0.0
2023-07-09,101785,64.66589,24.40695,15.32,83.5,3.28,,1,0.0,14.0,,0.0
2019-07-28,101690,64.05029,24.72468,17.45,60.88,4.15,0.0,1,7.0,20.511428571428574,0.0,7.0
2021-08-15,100947,60.37788,22.0964,15.92,79.33,7.55,,1,0.0,18.374285714285715,,0.0
2016-07-24,100947,60.37788,22.0964,19.65,80.12,2.23,,1,0.0,17.885714285714286,,0.0
2017-02-15,100947,60.37788,22.0964,-0.72,94.17,3.59,,1,0.0,-3.275714285714286,,0.0
2023-03-21,101785,64.66589,24.40695,-2.77,84.46,6.69,,1,0.0,-3.542857142857143,,0.0
2020-06-19,101726,63.840899,27.220614,17.45,72.88,2.6,0.0,1,0.0,18.885714285714283,30.2,0.0
2025-04-21,101785,64.66589,24.40695,1.17,59.22,6.9,,1,0.0,5.104285714285715,,0.0
2016-09-15,100947,60.37788,22.0964,15.91,84.54,4.83,,1,0.0,15.262857142857143,,0.0
2025-12-23,100968,60.329368,24.97274,-6.18,72.67,2.88,0.0,1,3.0,4.2371428571428575,5.2,3.0
2016-07-29,101103,61.25294,22.34613,18.79,73.0,1.98,0.0,1,7.0,19.274285714285714,0.0,7.0
2026-05-02,101726,63.840899,27.220614,11.71,49.71,3.45,0.0,1,1.0,3.1642857142857146,1.5,1.0
2023-04-08,101785,64.66589,24.40695,-0.02,86.12,4.48,,1,0.0,-2.855714285714286,,0.0
2016-07-27,100683,60.303725,25.549164,20.31,74.96,3.55,,1,0.0,18.228571428571428,,0.0
2024-07-12,137208,62.393322,25.688617,18.17,89.08,2.52,3.7,1,0.0,15.69,23.7,0.0
2024-01-24,101785,64.66589,24.40695,-4.96,94.75,3.35,,1,0.0,-9.885714285714286,,0.0
2022-08-14,101785,64.66589,24.40695,15.75,79.08,3.3,,1,0.0,15.662857142857144,,0.0
2023-05-04,101660,63.75144,22.52282,0.12,74.04,8.92,,1,0.0,1.7285714285714284,,0.0
2020-08-01,101785,64.66589,24.40695,15.98,78.58,3.66,,1,0.0,16.872857142857143,,0.0
2021-08-04,101851,65.868932,24.179364,13.76,63.33,2.02,0.2,1,7.0,16.485714285714284,0.1,7.0
2020-10-02,100947,60.37788,22.0964,13.52,77.12,5.95,,1,0.0,14.704285714285716,,0.0
2018-07-16,101367,61.879418,26.094783,22.17,62.71,,0.0,1,7.0,18.714285714285715,0.0,7.0
2016-07-24,101851,65.868932,24.179364,20.77,77.5,1.57,0.0,1,6.0,17.112857142857145,0.5,6.0
2020-08-23,101785,64.66589,24.40695,17.98,83.33,9.91,,1,0.0,17.04285714285714,,0.0
2018-07-25,101851,65.868932,24.179364,22.67,67.88,2.88,0.0,1,1.0,22.874285714285715,19.4,1.0
2018-05-11,101660,63.75144,22.52282,14.93,46.33,4.15,,1,0.0,6.701428571428571,,0.0
2018-04-16,101851,65.868932,24.179364,3.5,63.96,0.93,0.0,1,6.0,-1.2899999999999998,1.2,6.0
2019-10-02,101851,65.868932,24.179364,3.12,67.91,4.43,0.0,1,0.0,8.608571428571429,19.200000000000003,0.0
2021-05-31,137208,62.393322,25.688617,9.72,72.35,3.04,0.7,1,3.0,8.858571428571429,13.8,3.0
2021-04-03,101462,63.058578,21.754597,2.19,69.92,4.17,,1,0.0,4.101428571428571,,0.0
2025-08-07,101237,61.040298,28.129162,15.83,75.12,2.95,0.2,1,1.0,20.412857142857145,19.7,1.0
2018-05-26,101785,64.66589,24.40695,9.95,73.25,5.61,,1,0.0,11.082857142857142,,0.0
2021-09-01,101851,65.868932,24.179364,9.89,67.67,2.18,0.0,1,0.0,10.617142857142856,3.1,0.0
2015-12-28,101851,65.868932,24.179364,-13.24,88.17,0.96,0.0,1,2.0,-3.1142857142857143,6.5,2.0
2023-05-13,101103,61.25294,22.34613,14.14,54.08,1.82,0.0,1,7.0,9.711428571428572,0.0,7.0
2020-09-08,137208,62.393322,25.688617,9.6,93.54,2.87,1.6,1,1.0,12.274285714285714,7.300000000000001,1.0
2015-10-13,101785,64.66589,24.40695,7.71,89.5,8.69,,1,0.0,2.9771428571428573,,0.0
2019-02-17,101851,65.868932,24.179364,-3.48,71.62,2.32,0.0,1,2.0,-5.927142857142857,18.1,2.0
2018-09-08,101785,64.66589,24.40695,12.99,70.58,4.67,,1,0.0,14.555714285714286,,0.0
2018-07-15,101851,65.868932,24.179364,20.58,79.79,2.18,0.0,1,5.0,19.694285714285712,1.0,5.0
2024-08-15,101851,65.868932,24.179364,19.26,77.92,4.23,0.0,1,2.0,17.617142857142856,22.9,2.0
2020-04-22,100974,60.244455,24.049514,8.93,54.55,,0.0,1,5.0,5.612857142857143,18.0,5.0
2021-07-21,101237,61.040298,28.129162,15.29,52.04,3.67,,1,0.0,21.502857142857145,,0.0
2018-01-26,100947,60.37788,22.0964,3.1,89.92,5.75,,1,0.0,-2.91,,0.0
2019-06-14,101785,64.66589,24.40695,14.93,60.04,4.73,,1,0.0,14.56,,0.0
2025-09-12,101785,64.66589,24.40695,17.66,66.71,8.17,,1,0.0,17.234285714285715,,0.0
2020-10-17,101660,63.75144,22.52282,7.48,79.25,11.08,,1,0.0,7.4628571428571435,,0.0
2017-06-23,100947,60.37788,22.0964,12.43,64.83,3.72,,1,0.0,14.84,,0.0
2016-05-31,100947,60.37788,22.0964,19.79,66.38,3.43,,1,0.0,14.895714285714286,,0.0
2017-06-07,101851,65.868932,24.179364,15.45,55.71,1.47,0.0,1,0.0,6.4628571428571435,7.0,0.0
2025-11-28,101785,64.66589,24.40695,3.23,92.25,10.37,,1,0.0,-1.7957142857142858,,0.0
2016-06-02,101104,60.813972,23.49825,20.48,57.75,2.76,0.0,1,5.0,15.614285714285714,10.2,5.0
2015-06-02,101785,64.66589,24.40695,9.8,69.04,9.52,,1,0.0,10.247142857142858,,0.0
2023-04-06,101785,64.66589,24.40695,3.25,58.04,3.37,,1,0.0,-5.528571428571429,,0.0
2015-08-19,101785,64.66589,24.40695,16.75,76.12,6.75,,1,0.0,15.445714285714287,,0.0
2020-09-12,100947,60.37788,22.0964,14.52,83.33,9.58,,1,0.0,14.912857142857144,,0.0
2022-08-12,100947,60.37788,22.0964,19.8,78.14,4.56,,1,0.0,18.39428571428571,,0.0
2025-04-25,101785,64.66589,24.40695,0.69,83.3,4.57,,1,0.0,2.3871428571428575,,0.0
2019-09-18,100947,60.37788,22.0964,10.25,75.17,4.95,,1,0.0,13.61,,0.0
2019-09-23,101851,65.868932,24.179364,2.38,79.62,1.4,0.0,1,3.0,4.442857142857143,2.1999999999999997,3.0
2024-05-31,101636,63.321083,30.045778,19.66,73.25,1.15,0.0,1,0.0,17.694285714285716,2.2,0.0
2023-08-01,101237,61.040298,28.129162,19.19,70.62,2.51,,1,0.0,16.625714285714285,,0.0
2016-08-03,101851,65.868932,24.179364,13.63,93.17,2.02,42.0,1,1.0,18.165714285714284,53.199999999999996,1.0
2021-07-21,101103,61.25294,22.34613,14.27,62.42,4.59,0.0,1,0.0,19.388571428571428,2.0,0.0
2021-05-28,100683,60.303725,25.549164,10.57,80.54,4.11,,1,0.0,10.305714285714286,,0.0
2025-11-15,101785,64.66589,24.40695,2.25,74.38,10.74,,1,0.0,2.152857142857143,,0.0
2025-04-09,137208,62.393322,25.688617,-0.09,53.12,8.28,0.7,1,7.0,2.6814285714285715,0.0,7.0
2020-04-23,107029,60.485947,26.592089,6.12,48.62,2.64,0.0,1,6.0,5.452857142857143,3.8,6.0
2022-05-08,100947,60.37788,22.0964,5.3,65.54,7.03,,1,0.0,6.042857142857143,,0.0
2020-07-24,137208,62.393322,25.688617,11.4,83.57,,5.0,1,0.0,17.865714285714287,5.5,0.0
2026-04-14,101237,61.040298,28.129162,8.81,48.88,1.95,0.0,1,6.0,3.86,2.5,6.0
2025-02-20,101851,65.868932,24.179364,-6.28,88.88,2.92,0.0,1,4.0,-8.994285714285715,0.6,4.0
2019-08-28,100947,60.37788,22.0964,20.18,77.25,5.57,,1,0.0,17.652857142857144,,0.0
2024-12-17,101572,63.143426,27.313171,-20.91,83.38,1.78,0.0,1,0.0,-6.035714285714286,6.3,0.0
2018-05-17,101528,63.44564,24.44422,11.85,67.38,2.04,,1,0.0,16.28,,0.0
2022-07-07,100968,60.329368,24.97274,16.55,69.79,4.32,8.1,1,7.0,21.254285714285714,0.0,7.0
2023-02-06,101785,64.66589,24.40695,-3.32,91.71,6.13,,1,0.0,-4.854285714285714,,0.0
2020-06-05,100947,60.37788,22.0964,14.79,77.25,4.01,,1,0.0,13.757142857142856,,0.0
2020-06-20,137208,62.393322,25.688617,17.78,69.17,2.62,0.0,1,1.0,19.712857142857143,4.699999999999999,1.0
2022-05-29,100974,60.244455,24.049514,11.47,81.04,,0.0,1,0.0,11.964285714285714,18.5,0.0
2020-03-21,101785,64.66589,24.40695,-3.1,73.67,4.59,,1,0.0,-0.9628571428571429,,0.0
2020-05-05,101503,63.120333,23.043639,6.53,58.83,2.25,0.0,1,1.0,4.428571428571429,10.7,1.0
2019-08-10,100947,60.37788,22.0964,18.04,81.75,3.96,,1,0.0,16.064285714285713,,0.0
2024-01-30,101851,65.868932,24.179364,0.92,80.62,5.08,0.0,1,0.0,-6.315714285714286,10.9,0.0
2022-05-18,100947,60.37788,22.0964,9.5,66.88,5.23,,1,0.0,8.55,,0.0
2022-05-30,101004,60.203071,24.961305,13.65,65.58,2.88,0.0,1,1.0,12.23,30.400000000000002,1.0
2024-06-03,101044,61.460112,21.808395,19.32,61.58,2.52,,1,0.0,20.585714285714285,,0.0
2020-11-09,101785,64.66589,24.40695,5.71,70.29,10.56,,1,0.0,6.807142857142857,,0.0
2021-09-26,100947,60.37788,22.0964,11.21,81.21,2.37,,1,0.0,8.914285714285715,,0.0
2021-09-16,100947,60.37788,22.0964,9.11,69.5,4.12,,1,0.0,13.085714285714285,,0.0
2024-10-12,101851,65.868932,24.179364,3.89,76.54,3.25,0.0,1,0.0,2.6228571428571428,53.0,0.0
2021-07-29,101785,64.66589,24.40695,20.36,70.08,3.77,,1,0.0,17.94142857142857,,0.0
2025-07-31,101851,65.868932,24.179364,24.15,71.62,,0.0,1,1.0,21.685714285714287,2.0,1.0
2018-05-07,100955,60.374748,23.116611,12.65,69.38,,0.0,1,3.0,8.497142857142858,20.900000000000002,3.0
2016-12-18,101785,64.66589,24.40695,-0.65,97.25,5.2,,1,0.0,-3.152857142857143,,0.0
2020-08-01,101191,60.898392,26.948819,15.45,65.12,2.95,,1,0.0,16.24142857142857,,0.0
2015-09-21,100947,60.37788,22.0964,12.33,84.58,2.73,,1,0.0,14.982857142857142,,0.0
2025-09-28,101840,65.789444,24.582778,9.12,89.83,4.65,,1,0.0,7.1000000000000005,,0.0
2022-05-29,101785,64.66589,24.40695,9.89,87.08,4.71,,1,0.0,9.76142857142857,,0.0
2017-10-05,101851,65.868932,24.179364,8.21,95.79,1.78,6.8,1,0.0,7.472857142857143,20.599999999999998,0.0
2025-01-19,100947,60.37788,22.0964,2.11,94.96,3.83,,1,0.0,2.0042857142857144,,0.0
2024-11-01,101851,65.868932,24.179364,-3.02,89.96,2.06,4.8,1,2.0,3.327142857142857,23.900000000000002,2.0
2020-08-04,101065,60.515647,22.279155,17.07,73.83,3.23,,1,0.0,16.92142857142857,,0.0
2019-03-25,101785,64.66589,24.40695,-2.43,82.25,5.42,,1,0.0,0.5471428571428572,,0.0
2024-05-15,101418,61.892296,27.885278,18.3,51.42,2.92,,1,0.0,7.034285714285715,,0.0
2022-07-21,100947,60.37788,22.0964,19.88,84.0,4.98,,1,0.0,15.972857142857142,,0.0
2020-11-03,101785,64.66589,24.40695,7.29,90.79,9.56,,1,0.0,5.9471428571428575,,0.0
2021-07-20,100683,60.303725,25.549164,16.86,64.38,4.67,,1,0.0,22.900000000000002,,0.0
2020-08-08,101252,61.1982,28.47308,21.66,79.75,1.83,,1,0.0,16.97142857142857,,0.0
2023-08-19,101851,65.868932,24.179364,14.5,85.38,1.88,0.0,1,2.0,15.870000000000001,19.0,2.0
2020-05-27,100947,60.37788,22.0964,12.37,75.5,5.8,,1,0.0,9.812857142857142,,0.0
2020-09-14,137208,62.393322,25.688617,10.05,72.0,3.96,0.0,1,0.0,10.129999999999999,35.3,0.0
2018-08-11,101785,64.66589,24.40695,18.62,71.5,14.26,,1,0.0,19.177142857142858,,0.0
2022-08-12,101246,61.038791,28.563954,18.96,77.25,2.91,,1,0.0,16.61857142857143,,0.0
2017-10-06,101785,64.66589,24.40695,6.76,95.75,3.18,,1,0.0,7.422857142857143,,0.0
2019-08-28,101785,64.66589,24.40695,17.94,81.38,5.89,,1,0.0,14.66,,0.0
2020-06-20,101851,65.868932,24.179364,15.67,53.75,2.19,0.0,1,1.0,16.922857142857143,20.7,1.0
2017-05-07,101503,63.120333,23.043639,1.82,63.83,3.32,0.0,1,6.0,5.315714285714286,1.7,6.0
2025-01-14,101851,65.868932,24.179364,0.63,82.29,3.5,0.0,1,0.0,-12.895714285714286,12.600000000000001,0.0
2015-05-17,101785,64.66589,24.40695,7.99,71.58,4.2,,1,0.0,6.417142857142857,,0.0
2016-05-02,101256,62.333816,21.190813,6.8,83.67,6.88,0.0,1,2.0,4.814285714285715,16.8,2.0
2020-06-11,100968,60.329368,24.97274,17.91,60.54,4.44,0.0,1,2.0,15.102857142857143,16.2,2.0
2020-01-11,101785,64.66589,24.40695,0.3,90.25,9.88,,1,0.0,0.8200000000000001,,0.0
2019-07-19,100947,60.37788,22.0964,18.85,62.04,4.04,,1,0.0,16.1,,0.0
2023-09-07,100947,60.37788,22.0964,16.06,81.67,5.19,,1,0.0,16.038571428571426,,0.0
2016-07-31,100947,60.37788,22.0964,19.34,75.92,5.28,,1,0.0,19.59,,0.0
2022-06-08,100976,60.418755,24.398622,14.82,77.08,2.04,,1,0.0,13.247142857142858,,0.0
2020-06-01,101118,61.419402,23.622561,17.21,57.12,2.85,,1,0.0,13.865714285714287,,0.0
2018-10-30,101851,65.868932,24.179364,-3.9,85.21,3.23,5.2,1,0.0,-3.62,0.2,0.0
2021-07-05,101805,65.40014,26.96311,25.18,51.75,2.19,0.0,1,7.0,19.201428571428572,0.0,7.0
2024-12-27,101785,64.66589,24.40695,1.31,87.33,10.94,,1,0.0,-3.3642857142857143,,0.0
2015-12-29,101851,65.868932,24.179364,-5.18,90.88,2.92,0.0,1,3.0,-4.985714285714286,6.5,3.0
2024-07-29,101237,61.040298,28.129162,21.12,69.25,3.57,0.0,1,7.0,21.59142857142857,0.1,7.0
2015-08-13,100683,60.303725,25.549164,17.24,60.38,5.97,,1,0.0,18.457142857142856,,0.0
2021-10-15,100947,60.37788,22.0964,9.53,86.79,10.45,,1,0.0,9.985714285714286,,0.0
2021-06-03,100683,60.303725,25.549164,16.67,54.75,3.03,,1,0.0,11.518571428571429,,0.0
2020-06-22,101851,65.868932,24.179364,18.55,73.04,2.77,0.0,1,3.0,16.777142857142856,20.7,3.0
2021-09-08,137208,62.393322,25.688617,14.49,82.83,3.68,0.0,1,0.0,8.361428571428572,10.6,0.0
2025-08-15,137208,62.393322,25.688617,18.41,75.54,3.77,3.3,1,7.0,15.578571428571427,0.0,7.0
2022-11-19,100947,60.37788,22.0964,-1.43,82.27,8.28,,1,0.0,4.581428571428572,,0.0
2024-09-10,101785,64.66589,24.40695,20.0,56.17,8.8,,1,0.0,17.40285714285714,,0.0
2024-08-10,137208,62.393322,25.688617,15.98,92.96,3.56,7.2,1,0.0,16.945714285714285,4.3,0.0
2018-04-14,101503,63.120333,23.043639,4.34,56.38,2.13,0.0,1,4.0,0.4614285714285714,4.6000000000000005,4.0
2021-04-20,101246,61.038791,28.563954,5.19,51.46,3.77,,1,0.0,5.111428571428571,,0.0
2018-05-10,101104,60.813972,23.49825,13.35,45.75,4.95,0.0,1,6.0,10.792857142857143,0.7,6.0
2022-08-25,101237,61.040298,28.129162,15.79,87.46,3.4,,1,0.0,20.87,,0.0
2021-05-13,101572,63.143426,27.313171,18.8,52.29,1.69,0.0,1,1.0,8.131428571428572,10.5,1.0
2016-09-13,101194,60.6965,26.811056,12.33,75.12,,0.0,1,2.0,14.107142857142858,0.9,2.0
2024-06-02,100683,60.303725,25.549164,19.94,78.54,2.85,,1,0.0,19.987142857142857,,0.0
2018-09-04,101651,62.769415,30.974667,14.78,96.17,1.4,2.1,1,4.0,15.018571428571429,0.30000000000000004,4.0
2015-10-10,100947,60.37788,22.0964,4.29,72.25,5.27,,1,0.0,7.0442857142857145,,0.0
2020-05-05,101785,64.66589,24.40695,4.53,74.21,6.3,,1,0.0,3.14,,0.0
2023-08-22,100683,60.303725,25.549164,16.64,87.88,3.31,,1,0.0,17.94857142857143,,0.0
2016-04-15,101785,64.66589,24.40695,1.67,46.42,4.52,,1,0.0,0.8171428571428571,,0.0
2015-08-19,101628,62.54601,29.66818,17.45,75.76,1.18,,1,0.0,15.608571428571429,,0.0
2019-07-22,100683,60.303725,25.549164,20.02,75.58,2.88,,1,0.0,18.03142857142857,,0.0
2017-10-04,100947,60.37788,22.0964,12.02,81.54,6.42,,1,0.0,10.777142857142858,,0.0
2015-11-03,100947,60.37788,22.0964,9.85,89.25,4.01,,1,0.0,7.74,,0.0
2016-08-31,101660,63.75144,22.52282,,,6.95,,1,0.0,,,0.0
2021-06-11,100947,60.37788,22.0964,18.75,73.88,3.88,,1,0.0,18.169999999999998,,0.0
2024-05-31,101660,63.75144,22.52282,17.65,76.88,3.55,,1,0.0,13.498571428571427,,0.0
2015-04-25,101124,61.465606,23.746783,6.58,53.33,,0.6,1,1.0,5.402857142857143,1.7000000000000002,1.0
2015-08-18,100947,60.37788,22.0964,17.95,66.29,3.0,,1,0.0,17.541428571428572,,0.0
2025-07-31,101660,63.75144,22.52282,23.07,79.17,5.41,,1,0.0,22.30857142857143,,0.0
2019-04-11,101104,60.813972,23.49825,-1.76,68.0,3.65,0.0,1,1.0,3.187142857142857,5.3999999999999995,1.0
2021-04-06,101785,64.66589,24.40695,0.49,88.21,6.58,,1,0.0,1.2914285714285714,,0.0
2024-08-07,137208,62.393322,25.688617,16.66,70.67,1.34,0.0,1,3.0,16.07,27.0,3.0
2025-08-04,101237,61.040298,28.129162,22.6,66.29,2.74,0.0,1,1.0,22.28857142857143,18.7,1.0
2023-05-28,100947,60.37788,22.0964,11.09,82.3,8.07,,1,0.0,13.024285714285714,,0.0
2022-05-19,101785,64.66589,24.40695,4.85,64.08,3.77,,1,0.0,4.538571428571428,,0.0
2016-07-28,101851,65.868932,24.179364,18.75,78.83,2.05,0.0,1,0.0,18.922857142857143,10.2,0.0
2018-06-01,100947,60.37788,22.0964,15.94,60.46,5.11,,1,0.0,16.342857142857145,,0.0
2016-07-22,101851,65.868932,24.179364,19.53,57.54,1.95,0.0,1,4.0,16.388571428571428,4.4,4.0
2017-04-19,101104,60.813972,23.49825,0.36,55.38,2.52,0.0,1,3.0,-1.3714285714285714,2.6999999999999997,3.0
2019-08-10,101252,61.1982,28.47308,17.5,71.21,3.27,,1,0.0,14.129999999999999,,0.0
2024-07-21,100947,60.37788,22.0964,20.52,79.09,2.43,,1,0.0,18.55857142857143,,0.0
2020-06-01,101785,64.66589,24.40695,15.12,66.38,4.61,,1,0.0,10.192857142857141,,0.0
2021-04-28,101252,61.1982,28.47308,2.15,76.83,3.45,,1,0.0,2.7471428571428573,,0.0
2023-05-29,100947,60.37788,22.0964,9.48,62.46,5.45,,1,0.0,12.737142857142857,,0.0
2023-07-12,101950,66.715557,27.159063,20.1,47.96,1.55,0.0,1,6.0,14.642857142857142,0.5,6.0
2020-04-27,101851,65.868932,24.179364,1.32,66.25,2.11,0.0,1,0.0,2.7199999999999998,0.4,0.0
2024-06-06,101191,60.898392,26.948819,16.43,66.75,2.81,0.0,1,3.0,20.19142857142857,27.200000000000003,3.0
2026-04-23,101194,60.6965,26.811056,3.66,49.75,,0.0,1,0.0,7.352857142857142,0.5,0.0
2022-06-28,100947,60.37788,22.0964,24.51,68.65,3.9,,1,0.0,18.580000000000002,,0.0
2023-07-11,101950,66.715557,27.159063,18.54,52.04,2.45,0.0,1,5.0,13.622857142857143,8.7,5.0
2025-11-18,101044,61.460112,21.808395,-7.49,92.38,1.37,0.0,1,1.0,3.271428571428572,28.8,1.0
2020-11-08,101851,65.868932,24.179364,0.31,74.58,2.04,0.0,1,2.0,5.547142857142857,62.8,2.0
2025-10-16,101785,64.66589,24.40695,7.72,63.5,11.23,,1,0.0,7.741428571428571,,0.0
2015-09-24,101191,60.898392,26.948819,13.4,91.33,,0.1,1,1.0,12.895714285714286,27.6,1.0
2019-08-26,100947,60.37788,22.0964,19.26,84.67,3.49,,1,0.0,17.264285714285712,,0.0
2022-09-13,101885,65.57489,28.217659,9.15,83.79,2.07,0.0,1,0.0,6.727142857142858,0.5,0.0
2020-05-07,100947,60.37788,22.0964,6.61,69.75,6.41,,1,0.0,6.385714285714286,,0.0
2019-06-29,101065,60.515647,22.279155,16.36,60.71,4.02,,1,0.0,14.877142857142857,,0.0
2020-09-22,101785,64.66589,24.40695,10.11,68.5,12.34,,1,0.0,10.372857142857143,,0.0
2023-06-07,101785,64.66589,24.40695,8.63,77.62,5.85,,1,0.0,7.674285714285714,,0.0
2025-03-02,101851,65.868932,24.179364,0.05,95.67,2.36,1.2,1,0.0,0.19285714285714287,23.1,0.0
2017-07-22,101660,63.75144,22.52282,12.2,89.5,6.35,,1,0.0,13.207142857142857,,0.0
2020-11-24,100683,60.303725,25.549164,2.22,84.5,4.41,,1,0.0,5.64,,0.0
2024-11-24,101851,65.868932,24.179364,-1.54,81.21,2.91,0.9,1,1.0,-3.914285714285714,12.4,1.0
2022-08-30,101785,64.66589,24.40695,10.92,67.62,6.16,,1,0.0,16.0,,0.0
2024-05-15,101726,63.840899,27.220614,18.53,46.71,4.05,0.0,1,4.0,6.041428571428571,0.3,4.0
2024-02-13,101785,64.66589,24.40695,-16.08,80.5,6.87,,1,0.0,-17.614285714285714,,0.0
2018-05-12,100947,60.37788,22.0964,13.99,56.75,3.82,,1,0.0,11.248571428571427,,0.0
2023-05-09,137208,62.393322,25.688617,10.9,45.12,3.15,0.0,1,4.0,3.4499999999999997,18.599999999999998,4.0
2025-07-17,101196,61.200083,26.049667,21.91,62.04,,0.0,1,2.0,21.254285714285714,2.7,2.0
2025-08-09,137208,62.393322,25.688617,16.34,77.96,2.32,0.0,1,2.0,17.88,11.4,2.0
2020-07-30,101252,61.1982,28.47308,16.07,79.88,5.0,,1,0.0,16.352857142857143,,0.0
2026-05-06,100974,60.244455,24.049514,6.84,50.83,,0.0,1,1.0,9.532857142857143,3.4,1.0
2017-08-12,101851,65.868932,24.179364,16.64,81.0,4.23,0.0,1,3.0,14.425714285714287,3.9,3.0
2023-10-07,100683,60.303725,25.549164,7.3,86.88,9.17,,1,0.0,11.485714285714286,,0.0
2023-03-22,101851,65.868932,24.179364,-8.28,80.08,1.66,0.5,1,0.0,-6.0,19.7,0.0
2025-09-18,101237,61.040298,28.129162,12.63,93.92,2.56,5.1,1,0.0,14.942857142857141,16.7,0.0
2018-05-14,100947,60.37788,22.0964,17.22,61.5,2.12,,1,0.0,13.41,,0.0
2021-05-25,100683,60.303725,25.549164,11.1,70.58,4.33,,1,0.0,11.007142857142856,,0.0
2022-07-06,101252,61.1982,28.47308,17.65,69.62,7.43,,1,0.0,21.592857142857145,,0.0
2020-11-15,101586,62.89256,27.63331,1.46,86.04,3.7,0.0,1,3.0,1.8071428571428572,2.2,3.0
2021-08-30,137208,62.393322,25.688617,11.94,82.0,1.36,0.0,1,3.0,11.147142857142857,38.6,3.0
2020-05-10,101785,64.66589,24.40695,1.82,89.21,4.45,,1,0.0,3.922857142857143,,0.0
2024-05-02,101785,64.66589,24.40695,6.4,69.67,2.9,,1,0.0,2.551428571428571,,0.0
2016-05-11,101851,65.868932,24.179364,7.86,59.21,1.87,0.0,1,0.0,7.777142857142857,1.6,0.0
2017-09-06,101785,64.66589,24.40695,11.27,73.21,3.66,,1,0.0,12.005714285714285,,0.0
2023-07-24,100947,60.37788,22.0964,17.94,69.83,4.33,,1,0.0,17.177142857142858,,0.0
2023-08-22,101932,67.36663,26.62901,12.51,76.12,1.42,0.0,1,4.0,13.161428571428571,27.0,4.0
2019-07-01,101785,64.66589,24.40695,13.11,87.12,6.49,,1,0.0,12.865714285714287,,0.0
2016-05-09,101785,64.66589,24.40695,6.92,72.83,3.13,,1,0.0,7.821428571428571,,0.0
2020-07-30,101196,61.200083,26.049667,15.24,83.33,,0.9,1,0.0,14.995714285714286,48.4,0.0
2022-06-28,101950,66.715557,27.159063,19.12,48.75,3.16,0.0,1,4.0,16.694285714285716,0.6000000000000001,4.0
2019-07-26,100947,60.37788,22.0964,22.21,73.21,2.6,,1,0.0,19.784285714285716,,0.0
2019-04-24,100947,60.37788,22.0964,10.47,57.88,0.7,,1,0.0,6.651428571428572,,0.0
2020-07-24,100947,60.37788,22.0964,13.03,85.08,4.78,,1,0.0,18.267142857142858,,0.0
2023-07-12,101785,64.66589,24.40695,19.63,62.04,3.57,,1,0.0,15.692857142857141,,0.0
2025-07-11,101103,61.25294,22.34613,15.81,77.62,3.26,1.4,1,3.0,14.612857142857143,20.9,3.0
2021-10-18,101851,65.868932,24.179364,1.59,73.29,3.28,0.0,1,0.0,4.28,83.9,0.0
2020-03-26,101851,65.868932,24.179364,1.23,74.88,2.62,0.0,1,7.0,-2.314285714285714,0.0,7.0
2018-07-31,101486,62.938083,22.488778,23.37,77.96,2.52,0.5,1,7.0,23.877142857142854,0.0,7.0
2021-08-18,100947,60.37788,22.0964,15.8,84.5,9.65,,1,0.0,17.757142857142856,,0.0
2023-06-18,100947,60.37788,22.0964,22.21,50.71,6.34,,1,0.0,17.231428571428573,,0.0
2023-09-09,101362,61.704484,25.505293,15.94,87.12,4.91,,1,0.0,14.945714285714287,,0.0
2021-08-15,101785,64.66589,24.40695,14.95,86.67,3.9,,1,0.0,16.755714285714284,,0.0
2023-09-25,100683,60.303725,25.549164,13.93,79.79,3.53,,1,0.0,15.69,,0.0
2015-04-17,100947,60.37788,22.0964,4.41,74.42,7.69,,1,0.0,4.184285714285714,,0.0
2021-09-10,101851,65.868932,24.179364,7.04,85.13,1.47,0.0,1,1.0,8.897142857142857,2.3,1.0
2021-04-16,101291,61.838642,22.463678,7.21,42.62,3.1,0.0,1,3.0,3.207142857142857,13.700000000000001,3.0
2018-04-23,101151,61.114537,24.324488,4.0,65.58,,0.0,1,1.0,7.041428571428571,12.4,1.0
2025-08-10,101660,63.75144,22.52282,16.95,80.25,7.94,,1,0.0,17.72142857142857,,0.0
2022-04-12,100683,60.303725,25.549164,1.32,89.79,3.61,,1,0.0,1.7128571428571429,,0.0
2016-02-13,100947,60.37788,22.0964,0.09,80.58,5.89,,1,0.0,1.9957142857142858,,0.0
2025-03-09,101851,65.868932,24.179364,-1.8,75.88,1.7,0.0,1,0.0,-1.7771428571428574,12.9,0.0
2022-08-13,137208,62.393322,25.688617,14.42,68.54,1.4,0.0,1,0.0,15.20142857142857,1.4,0.0
2016-05-12,137208,62.393322,25.688617,9.68,55.79,2.26,0.0,1,1.0,12.842857142857142,1.5,1.0
2020-04-27,101572,63.143426,27.313171,1.99,61.75,2.93,0.0,1,2.0,2.891428571428572,2.9,2.0
2018-06-12,101785,64.66589,24.40695,10.15,69.71,7.81,,1,0.0,9.648571428571428,,0.0
2024-12-03,101851,65.868932,24.179364,-7.03,80.75,2.1,0.0,1,0.0,-4.6971428571428575,6.2,0.0
2025-07-15,101555,62.921782,26.424701,22.13,69.58,,0.0,1,3.0,17.782857142857143,2.7,3.0
2020-04-12,101851,65.868932,24.179364,-1.05,88.42,4.54,23.7,1,4.0,-0.8042857142857144,0.6,4.0
2018-06-18,101528,63.44564,24.44422,15.95,66.42,3.08,,1,0.0,13.657142857142857,,0.0
2022-08-23,101660,63.75144,22.52282,,,3.21,,1,0.0,,,0.0
2021-06-02,101528,63.44564,24.44422,15.05,56.92,0.99,,1,0.0,8.891428571428571,,0.0
2020-03-14,101785,64.66589,24.40695,-4.41,65.5,7.64,,1,0.0,0.9942857142857143,,0.0
2020-06-13,101191,60.898392,26.948819,19.1,44.5,2.51,,1,0.0,16.304285714285715,,0.0
2024-06-01,101785,64.66589,24.40695,18.3,74.71,2.07,,1,0.0,14.928571428571429,,0.0
2024-08-22,101785,64.66589,24.40695,17.68,80.79,6.45,,1,0.0,17.452857142857145,,0.0
2022-11-13,855522,61.68751,27.20671,3.71,86.08,2.62,0.0,1,0.0,6.49,17.4,0.0
2017-07-01,101785,64.66589,24.40695,18.75,43.42,4.36,,1,0.0,12.757142857142856,,0.0
2016-07-05,100947,60.37788,22.0964,17.04,66.61,6.99,,1,0.0,17.81714285714286,,0.0
2018-10-28,100947,60.37788,22.0964,1.12,75.42,7.63,,1,0.0,6.1499999999999995,,0.0
2024-07-11,137208,62.393322,25.688617,18.3,74.67,4.19,7.3,1,1.0,15.331428571428571,16.6,1.0
2024-06-23,101851,65.868932,24.179364,15.94,62.83,2.31,0.1,1,1.0,15.141428571428573,9.0,1.0
2017-05-07,101154,61.054083,25.038444,3.05,54.96,,,1,0.0,6.048571428571429,,0.0
2024-06-21,101237,61.040298,28.129162,15.3,54.46,4.23,0.0,1,0.0,15.787142857142856,43.3,0.0
2025-08-25,101632,62.601794,29.727131,11.72,86.17,,0.4,1,0.0,11.957142857142857,18.8,0.0
2025-04-01,855522,61.68751,27.20671,5.81,76.0,2.57,0.0,1,1.0,4.508571428571428,0.2,1.0
2025-09-05,101660,63.75144,22.52282,15.8,91.88,5.96,,1,0.0,14.265714285714285,,0.0
2021-11-10,101851,65.868932,24.179364,2.86,90.29,3.75,0.1,1,0.0,-0.622857142857143,14.700000000000001,0.0
2025-04-03,101362,61.704484,25.505293,8.08,62.0,6.13,,1,0.0,4.378571428571428,,0.0
2017-06-16,101785,64.66589,24.40695,13.13,84.21,3.79,,1,0.0,13.129999999999999,,0.0
2025-07-17,101831,64.663925,28.056704,17.33,43.42,2.42,0.0,1,7.0,18.71,0.0,7.0
2017-05-04,101194,60.6965,26.811056,6.71,53.92,,0.0,1,3.0,5.1000000000000005,10.4,3.0
2015-07-15,101785,64.66589,24.40695,11.95,76.29,1.71,,1,0.0,13.152857142857142,,0.0
2021-09-21,100947,60.37788,22.0964,6.98,74.75,3.0,,1,0.0,9.428571428571429,,0.0
2017-12-24,100947,60.37788,22.0964,1.98,76.33,8.46,,1,0.0,2.3714285714285714,,0.0
2021-07-26,101608,62.65695,29.636079,20.81,61.38,2.8,,1,0.0,15.388571428571428,,0.0
2023-05-15,101252,61.1982,28.47308,13.68,68.88,3.85,,1,0.0,11.234285714285715,,0.0
2025-07-24,101237,61.040298,28.129162,23.92,62.12,1.43,0.0,1,7.0,21.497142857142855,0.0,7.0
2017-10-25,100949,60.454391,22.178695,1.87,85.71,6.22,11.4,1,6.0,2.14,1.9,6.0
2025-02-14,101851,65.868932,24.179364,-7.91,82.21,1.59,0.0,1,5.0,-3.565714285714286,0.7,5.0
2025-05-02,100947,60.37788,22.0964,7.05,83.58,8.88,,1,0.0,5.005714285714285,,0.0
2020-10-17,101651,62.769415,30.974667,3.2,94.54,4.38,0.7,1,0.0,5.554285714285714,27.1,0.0
2022-05-07,101194,60.6965,26.811056,8.75,81.17,,3.2,1,5.0,5.811428571428571,2.2,5.0
2022-06-29,101252,61.1982,28.47308,17.91,68.25,5.04,,1,0.0,20.43,,0.0
2024-09-16,101785,64.66589,24.40695,12.33,70.54,4.52,,1,0.0,15.837142857142856,,0.0
2019-12-02,101851,65.868932,24.179364,-2.53,69.62,2.98,0.0,1,2.0,-6.101428571428571,8.899999999999999,2.0
2018-08-11,100947,60.37788,22.0964,19.2,62.33,7.34,,1,0.0,20.722857142857144,,0.0
2017-09-27,101785,64.66589,24.40695,7.77,100.0,2.78,,1,0.0,9.175714285714287,,0.0
2022-07-21,852678,60.291281,24.567815,20.92,68.29,1.96,0.0,1,1.0,14.58,27.0,1.0
2015-08-22,100947,60.37788,22.0964,18.49,74.25,2.23,,1,0.0,17.654285714285713,,0.0
2017-04-16,100947,60.37788,22.0964,-1.07,63.12,6.08,,1,0.0,1.82,,0.0
2023-09-04,101958,67.021906,27.218269,10.16,93.62,11.08,,1,0.0,11.838571428571429,,0.0
2017-01-27,101660,63.75144,22.52282,,,8.15,,1,0.0,,,0.0
2017-04-19,100947,60.37788,22.0964,1.29,68.12,4.22,,1,0.0,0.42,,0.0
2021-04-16,100683,60.303725,25.549164,7.54,43.08,5.92,,1,0.0,4.3,,0.0
2024-09-07,100947,60.37788,22.0964,18.38,87.08,3.45,,1,0.0,16.824285714285715,,0.0
2020-06-19,104796,60.974654,25.620202,20.56,64.04,,0.0,1,0.0,20.337142857142858,8.9,0.0
2015-11-18,101194,60.6965,26.811056,3.0,99.21,,9.0,1,0.0,3.9314285714285715,17.3,0.0
2018-10-08,101851,65.868932,24.179364,2.59,89.46,3.06,5.2,1,1.0,2.165714285714286,8.4,1.0
2015-06-07,100947,60.37788,22.0964,12.23,70.79,7.27,,1,0.0,11.588571428571429,,0.0
2025-07-14,101785,64.66589,24.40695,19.86,76.08,4.78,,1,0.0,15.721428571428573,,0.0
2022-09-20,101851,65.868932,24.179364,5.6,75.1,1.94,0.0,1,1.0,10.248571428571427,31.4,1.0
2025-05-17,137208,62.393322,25.688617,13.46,53.75,2.64,0.0,1,2.0,7.521428571428571,5.4,2.0
2018-06-29,101310,62.327833,23.542283,11.65,73.92,4.75,,1,0.0,14.255714285714285,,0.0
2019-06-11,100947,60.37788,22.0964,17.07,69.46,4.73,,1,0.0,17.027142857142856,,0.0
2015-04-21,101246,61.038791,28.563954,4.94,58.75,3.73,,1,0.0,3.044285714285714,,0.0
2024-09-07,137208,62.393322,25.688617,15.63,81.83,1.8,0.0,1,3.0,16.12142857142857,5.5,3.0
2018-07-24,101785,64.66589,24.40695,22.12,70.12,3.64,,1,0.0,24.00142857142857,,0.0
2020-06-24,101572,63.143426,27.313171,22.75,49.5,3.05,0.0,1,5.0,18.794285714285714,5.4,5.0
2020-06-02,101528,63.44564,24.44422,16.53,59.96,1.36,,1,0.0,11.995714285714286,,0.0
2020-06-16,107113,63.996179,28.059716,17.72,57.0,,0.0,1,6.0,17.434285714285714,0.4,6.0
2019-07-24,101785,64.66589,24.40695,17.96,94.12,3.28,,1,0.0,17.06714285714286,,0.0
2015-08-15,101785,64.66589,24.40695,14.78,73.12,6.69,,1,0.0,16.367142857142856,,0.0
2023-04-22,101231,60.527197,27.672743,7.48,71.12,2.58,0.0,1,7.0,5.234285714285714,0.0,7.0
2017-11-08,100947,60.37788,22.0964,7.5,81.38,6.39,,1,0.0,6.18,,0.0
2025-03-02,101785,64.66589,24.40695,0.2,91.21,8.74,,1,0.0,1.9414285714285715,,0.0
2021-09-02,101851,65.868932,24.179364,7.83,76.42,1.56,0.8,1,1.0,10.775714285714287,0.5,1.0
2026-03-06,100967,60.464154,23.649757,0.99,80.75,2.14,0.0,1,2.0,1.31,5.5,2.0
2017-05-11,101785,64.66589,24.40695,0.61,70.79,5.27,,1,0.0,1.587142857142857,,0.0
2022-03-01,101851,65.868932,24.179364,-2.22,87.29,3.41,0.1,1,4.0,-7.077142857142857,14.4,4.0
2018-06-05,100947,60.37788,22.0964,9.08,54.33,11.3,,1,0.0,16.111428571428572,,0.0
2019-06-09,101785,64.66589,24.40695,16.23,82.54,8.95,,1,0.0,14.072857142857144,,0.0
2025-04-15,101785,64.66589,24.40695,3.77,75.19,5.69,,1,0.0,0.13714285714285726,,0.0
2019-08-16,100947,60.37788,22.0964,17.84,77.75,6.24,,1,0.0,17.55857142857143,,0.0
2019-12-01,100947,60.37788,22.0964,1.61,78.67,6.58,,1,0.0,2.6828571428571424,,0.0
2024-06-01,101237,61.040298,28.129162,22.06,60.58,2.3,,1,0.0,20.114285714285717,,0.0
2016-05-06,101785,64.66589,24.40695,8.67,65.79,4.81,,1,0.0,6.881428571428572,,0.0
2024-03-10,101785,64.66589,24.40695,-1.31,93.38,4.64,,1,0.0,-1.92,,0.0
2022-06-01,101246,61.038791,28.563954,15.44,58.0,4.75,,1,0.0,12.022857142857143,,0.0
2025-08-06,101103,61.25294,22.34613,15.01,79.62,3.7,6.8,1,0.0,20.332857142857144,41.8,0.0
2025-02-17,101851,65.868932,24.179364,-13.36,88.75,0.93,0.1,1,1.0,-7.252857142857143,0.5,1.0
2017-08-07,101851,65.868932,24.179364,12.41,77.46,1.37,0.0,1,1.0,14.904285714285715,7.6,1.0
2024-10-15,101785,64.66589,24.40695,6.5,79.79,5.46,,1,0.0,5.271428571428571,,0.0
2017-12-05,100683,60.303725,25.549164,-0.19,89.33,3.58,,1,0.0,2.3414285714285716,,0.0
2024-05-31,100683,60.303725,25.549164,22.03,67.12,2.62,,1,0.0,18.648571428571426,,0.0
2018-07-09,100955,60.374748,23.116611,20.21,66.79,,0.0,1,4.0,16.49142857142857,20.1,4.0
2021-11-20,101785,64.66589,24.40695,1.61,84.12,7.35,,1,0.0,2.8771428571428572,,0.0
2024-05-24,101851,65.868932,24.179364,12.85,65.25,2.82,0.0,1,4.0,8.694285714285714,0.2,4.0
2023-04-18,101785,64.66589,24.40695,1.77,81.17,3.73,,1,0.0,2.152857142857143,,0.0
2022-06-24,100947,60.37788,22.0964,17.46,88.0,5.19,,1,0.0,15.945714285714287,,0.0
2024-05-26,101851,65.868932,24.179364,11.91,49.67,2.61,0.0,1,6.0,9.569999999999999,0.2,6.0
2018-05-10,101787,64.684206,25.089192,15.24,39.83,3.05,0.0,1,2.0,7.39,16.5,2.0
2024-05-28,101831,64.663925,28.056704,17.35,68.42,2.28,2.0,1,3.0,12.097142857142858,7.4,3.0
2018-05-10,100683,60.303725,25.549164,11.96,57.38,4.57,,1,0.0,8.92,,0.0
2020-10-10,101459,62.23539,30.34662,9.64,85.79,,0.3,1,0.0,10.73,26.900000000000002,0.0
2022-02-10,100683,60.303725,25.549164,0.62,82.08,4.21,,1,0.0,-1.7842857142857143,,0.0
2024-09-05,104796,60.974654,25.620202,19.63,76.25,,0.0,1,3.0,17.077142857142857,17.5,3.0
2016-05-16,100947,60.37788,22.0964,9.89,82.04,4.37,,1,0.0,11.464285714285714,,0.0
2025-07-29,101840,65.789444,24.582778,22.88,76.88,2.45,,1,0.0,21.360000000000003,,0.0
2020-06-23,101572,63.143426,27.313171,21.8,52.83,2.69,0.0,1,4.0,18.55142857142857,5.4,4.0
2024-09-08,137208,62.393322,25.688617,15.86,84.46,1.72,0.0,1,4.0,16.29285714285714,1.2,4.0
2016-07-22,101785,64.66589,24.40695,19.41,60.71,4.61,,1,0.0,16.46,,0.0
2021-07-16,101785,64.66589,24.40695,17.98,62.38,9.32,,1,0.0,20.82,,0.0
2020-11-15,101150,60.999201,24.491625,3.16,84.5,4.7,0.0,1,2.0,3.097142857142857,2.9,2.0
2020-06-24,101851,65.868932,24.179364,21.86,66.29,1.4,0.0,1,5.0,17.685714285714287,20.7,5.0
2023-05-10,101690,64.05029,24.72468,13.59,43.88,3.77,0.0,1,5.0,4.54,1.9,5.0
2021-07-29,101660,63.75144,22.52282,20.55,75.38,5.42,,1,0.0,17.842857142857145,,0.0
2019-06-08,100947,60.37788,22.0964,18.87,85.75,4.47,,1,0.0,14.981428571428571,,0.0
2021-05-15,101785,64.66589,24.40695,14.1,73.88,3.34,,1,0.0,9.177142857142858,,0.0
2020-05-30,101272,62.183286,22.799827,12.97,52.29,,0.0,1,7.0,12.017142857142858,0.0,7.0
2024-11-27,101785,64.66589,24.40695,-3.48,94.86,3.51,,1,0.0,-0.5985714285714285,,0.0
2018-10-19,101851,65.868932,24.179364,5.36,77.92,1.7,0.0,1,1.0,7.687142857142858,6.3,1.0
2017-04-18,101104,60.813972,23.49825,-0.96,52.0,2.91,0.0,1,2.0,-0.9585714285714285,2.8,2.0
2021-03-18,101785,64.66589,24.40695,-8.58,77.83,6.17,,1,0.0,-4.198571428571428,,0.0
2015-08-17,101128,60.64668,23.80559,14.22,64.71,2.17,0.0,1,7.0,15.932857142857143,0.0,7.0
2018-10-01,101785,64.66589,24.40695,7.6,83.83,6.36,,1,0.0,7.7871428571428565,,0.0
2022-05-24,101851,65.868932,24.179364,12.9,45.58,2.22,0.0,1,7.0,7.7700000000000005,0.0,7.0
2021-06-24,100683,60.303725,25.549164,19.73,89.46,3.11,,1,0.0,20.318571428571428,,0.0
2025-08-09,101851,65.868932,24.179364,17.02,81.04,,0.0,1,2.0,18.325714285714287,86.3,2.0
2021-04-09,101785,64.66589,24.40695,0.87,82.33,8.39,,1,0.0,0.6628571428571428,,0.0
2025-12-22,101785,64.66589,24.40695,-6.04,77.83,3.6,,1,0.0,1.8128571428571427,,0.0
2015-09-27,100947,60.37788,22.0964,11.96,82.54,4.82,,1,0.0,13.425714285714287,,0.0
2024-10-28,101785,64.66589,24.40695,6.68,77.29,11.34,,1,0.0,8.075714285714286,,0.0
2023-08-09,101252,61.1982,28.47308,18.93,70.17,2.18,,1,0.0,20.148571428571426,,0.0
2019-11-30,100947,60.37788,22.0964,0.67,80.42,6.05,,1,0.0,2.781428571428571,,0.0
2022-05-21,100947,60.37788,22.0964,10.72,55.25,4.37,,1,0.0,9.197142857142856,,0.0
2018-08-14,101785,64.66589,24.40695,13.42,69.92,4.64,,1,0.0,18.167142857142856,,0.0
2016-11-20,101851,65.868932,24.179364,2.26,93.58,2.52,3.2,1,0.0,0.3871428571428571,43.6,0.0
2016-05-05,101194,60.6965,26.811056,14.08,52.62,,0.0,1,4.0,9.585714285714285,26.799999999999997,4.0
2017-09-05,101311,61.517566,23.753878,10.74,74.62,6.08,,1,0.0,13.700000000000001,,0.0
2015-10-05,101785,64.66589,24.40695,5.83,67.17,8.75,,1,0.0,10.211428571428572,,0.0
2024-10-07,101785,64.66589,24.40695,2.43,87.38,4.1,,1,0.0,6.727142857142857,,0.0
2023-07-16,100947,60.37788,22.0964,19.19,78.25,7.49,,1,0.0,18.677142857142858,,0.0
2024-03-10,100934,60.386903,22.551826,-3.34,83.67,,0.0,1,7.0,-0.9885714285714285,0.0,7.0
2019-06-19,100947,60.37788,22.0964,17.35,81.96,7.21,,1,0.0,16.385714285714286,,0.0
2024-05-11,101785,64.66589,24.40695,3.34,74.38,6.45,,1,0.0,1.8757142857142857,,0.0
2021-06-09,101315,61.855507,24.804592,18.07,67.71,1.88,0.0,1,0.0,18.495714285714286,15.3,0.0
2018-12-13,100947,60.37788,22.0964,-1.12,81.67,5.03,,1,0.0,2.7528571428571427,,0.0
2021-09-05,101785,64.66589,24.40695,9.72,81.21,3.7,,1,0.0,11.077142857142858,,0.0
2020-06-15,137208,62.393322,25.688617,20.54,44.29,2.06,0.0,1,6.0,17.04,1.1,6.0
2022-06-15,100947,60.37788,22.0964,15.39,66.29,8.85,,1,0.0,15.37857142857143,,0.0
2020-02-22,100947,60.37788,22.0964,5.1,85.46,14.69,,1,0.0,3.7271428571428573,,0.0
2019-09-09,101785,64.66589,24.40695,13.08,86.17,3.27,,1,0.0,13.677142857142856,,0.0
2025-05-17,101533,63.08898,24.26084,11.45,52.04,,0.0,1,3.0,7.5442857142857145,0.30000000000000004,3.0
2015-10-24,101785,64.66589,24.40695,6.3,84.83,5.83,,1,0.0,7.801428571428572,,0.0
2024-08-28,101252,61.1982,28.47308,17.19,79.17,5.8,,1,0.0,17.534285714285712,,0.0
2018-08-11,101536,62.510444,24.807639,17.33,66.0,4.48,0.0,1,4.0,17.34857142857143,12.0,4.0
2018-05-29,100947,60.37788,22.0964,17.84,58.92,3.01,,1,0.0,15.674285714285714,,0.0
2020-04-04,101851,65.868932,24.179364,-6.13,67.79,1.44,0.0,1,3.0,-3.312857142857143,4.2,3.0
2022-11-13,100947,60.37788,22.0964,7.93,85.58,3.65,,1,0.0,10.177142857142856,,0.0
2017-05-23,101128,60.64668,23.80559,12.07,66.12,2.63,0.0,1,4.0,12.234285714285715,0.4,4.0
2023-02-28,101785,64.66589,24.40695,-1.45,75.79,9.39,,1,0.0,-8.307142857142857,,0.0
2025-06-14,101191,60.898392,26.948819,16.55,57.71,2.48,0.0,1,1.0,13.672857142857142,7.0,1.0
2019-09-11,100949,60.454391,22.178695,15.78,87.71,5.15,8.1,1,0.0,14.974285714285713,37.1,0.0
2023-06-06,101851,65.868932,24.179364,9.06,60.62,2.37,0.0,1,4.0,8.574285714285713,10.0,4.0
2020-08-03,101851,65.868932,24.179364,14.2,77.0,1.41,0.0,1,1.0,15.975714285714286,10.3,1.0
2016-06-10,101785,64.66589,24.40695,9.11,76.5,5.8,,1,0.0,8.72857142857143,,0.0
2016-10-29,101851,65.868932,24.179364,0.71,94.54,1.53,0.0,1,0.0,2.0300000000000002,4.8,0.0
2016-07-30,101851,65.868932,24.179364,19.0,75.67,1.28,0.0,1,2.0,19.0,10.2,2.0
2025-07-23,101933,66.579444,26.010944,22.52,62.5,1.88,0.0,1,7.0,21.048571428571428,0.0,7.0
2023-03-02,101785,64.66589,24.40695,-0.02,80.42,9.91,,1,0.0,-4.874285714285714,,0.0
2021-09-03,101785,64.66589,24.40695,9.71,71.83,10.4,,1,0.0,11.564285714285715,,0.0
2020-06-01,100947,60.37788,22.0964,15.17,65.29,4.72,,1,0.0,12.319999999999999,,0.0
2019-07-22,101785,64.66589,24.40695,21.89,57.29,3.25,,1,0.0,15.087142857142856,,0.0
2018-07-02,137208,62.393322,25.688617,14.31,59.92,4.26,0.0,1,2.0,15.307142857142859,22.400000000000002,2.0
2023-05-22,101851,65.868932,24.179364,11.75,62.83,1.73,0.0,1,3.0,8.72,11.4,3.0
2018-05-08,100947,60.37788,22.0964,11.19,76.62,3.6,,1,0.0,7.272857142857142,,0.0
2024-10-29,101840,65.789444,24.582778,1.85,71.75,4.67,,1,0.0,5.18,,0.0
2018-05-05,101785,64.66589,24.40695,4.0,89.17,6.35,,1,0.0,3.91,,0.0
2020-08-22,101851,65.868932,24.179364,18.02,88.12,4.5,4.6,1,7.0,14.662857142857144,0.1,7.0
2021-12-17,101785,64.66589,24.40695,-0.55,90.0,6.66,,1,0.0,-1.1,,0.0
2025-07-20,101660,63.75144,22.52282,20.28,68.0,5.65,,1,0.0,17.747142857142858,,0.0
2025-05-16,101851,65.868932,24.179364,9.94,51.29,2.64,0.0,1,1.0,7.027142857142857,2.9000000000000004,1.0
2018-06-01,137208,62.393322,25.688617,16.07,55.17,2.7,0.0,1,7.0,16.005714285714284,0.0,7.0
2025-07-24,101059,60.722198,21.02681,22.45,79.42,3.3,0.0,1,0.0,21.467142857142857,5.1,0.0
2024-09-16,100947,60.37788,22.0964,12.81,94.48,3.38,,1,0.0,16.178571428571427,,0.0
2018-12-30,100947,60.37788,22.0964,0.9,96.46,2.93,,1,0.0,-0.6257142857142856,,0.0
2015-06-17,100968,60.329368,24.97274,12.43,54.96,5.2,0.0,1,2.0,13.571428571428571,11.4,2.0
2023-10-18,101851,65.868932,24.179364,-2.29,82.46,2.61,0.0,1,1.0,1.2685714285714287,47.3,1.0
2026-02-17,101785,64.66589,24.40695,-5.55,85.46,11.63,,1,0.0,-12.700000000000001,,0.0
2024-08-15,101660,63.75144,22.52282,18.68,76.67,8.6,,1,0.0,17.518571428571427,,0.0
2016-04-22,101194,60.6965,26.811056,2.35,78.83,,0.0,1,1.0,5.224285714285714,7.6,1.0
2024-08-30,101252,61.1982,28.47308,19.44,78.25,5.59,,1,0.0,17.509999999999998,,0.0
2023-08-10,100947,60.37788,22.0964,15.53,82.75,7.11,,1,0.0,19.16,,0.0
2024-08-15,137208,62.393322,25.688617,18.6,73.0,2.33,0.0,1,2.0,16.512857142857143,9.9,2.0
2025-11-08,101785,64.66589,24.40695,0.75,95.5,2.68,,1,0.0,5.997142857142856,,0.0
2016-05-09,100947,60.37788,22.0964,12.89,68.5,2.79,,1,0.0,10.225714285714286,,0.0
2025-04-17,101851,65.868932,24.179364,5.05,80.08,2.31,0.0,1,2.0,0.8328571428571429,10.1,2.0
2016-06-24,101726,63.840899,27.220614,17.77,65.79,1.48,0.0,1,1.0,15.124285714285715,29.9,1.0
2024-06-30,101785,64.66589,24.40695,16.31,63.29,5.12,,1,0.0,18.240000000000002,,0.0
2024-05-28,101065,60.515647,22.279155,20.43,54.46,2.77,,1,0.0,18.13,,0.0
2022-08-02,101851,65.868932,24.179364,16.24,83.0,2.41,0.0,1,5.0,15.179999999999998,30.3,5.0
2020-07-29,101252,61.1982,28.47308,17.03,90.33,3.15,,1,0.0,16.428571428571427,,0.0
2017-06-17,101785,64.66589,24.40695,13.94,86.33,5.65,,1,0.0,12.73,,0.0
2023-10-13,100683,60.303725,25.549164,9.22,77.17,5.77,,1,0.0,7.03,,0.0
2024-05-21,101118,61.419402,23.622561,12.02,41.67,1.75,,1,0.0,16.731428571428573,,0.0
2017-02-09,100683,60.303725,25.549164,-10.67,77.62,2.43,,1,0.0,-4.698571428571428,,0.0
2026-05-18,100945,59.86949,22.193427,9.54,81.42,3.21,,0,0.0,8.552857142857144,,0.0
2026-05-13,100683,60.303725,25.549164,12.08,85.38,4.61,,0,0.0,8.93142857142857,,0.0
2021-05-19,101660,63.75144,22.52282,5.16,99.0,7.65,,0,0.0,7.672857142857143,,0.0
2026-05-12,101785,64.66589,24.40695,4.75,90.75,3.3,,0,0.0,6.534285714285715,,0.0
2026-05-21,101695,64.142631,25.423351,16.4,60.57,,,0,0.0,12.530000000000001,,0.0
2026-05-23,100683,60.303725,25.549164,14.71,74.12,4.77,,0,0.0,12.367142857142856,,0.0
2019-05-26,101885,65.57489,28.217659,7.92,89.04,1.43,4.4,0,0.0,7.662857142857143,19.5,0.0
2026-05-18,101786,64.935034,25.339195,11.81,66.79,3.14,,0,0.0,9.528571428571428,,0.0
2015-05-13,101785,64.66589,24.40695,7.83,94.79,6.06,,0,0.0,8.932857142857143,,0.0
2019-05-27,101851,65.868932,24.179364,8.8,76.88,2.02,0.0,0,1.0,8.918571428571429,8.700000000000001,1.0
2019-05-12,100947,60.37788,22.0964,7.12,85.88,4.2,,0,0.0,7.272857142857143,,0.0
2026-05-31,101191,60.898392,26.948819,10.98,85.46,1.86,0.1,0,3.0,12.06857142857143,3.0,3.0
2019-05-27,101840,65.789444,24.582778,7.82,78.12,2.71,,0,0.0,8.94,,0.0
2015-05-02,100683,60.303725,25.549164,5.56,94.88,4.07,,0,0.0,5.698571428571428,,0.0
2019-05-26,101191,60.898392,26.948819,9.35,88.79,3.78,,0,0.0,14.855714285714285,,0.0
2020-05-03,102047,69.14089,27.26567,1.12,90.21,,2.5,0,2.0,-1.662857142857143,1.2,2.0
2026-05-30,100955,60.374748,23.116611,15.28,48.29,,0.0,0,2.0,13.888571428571428,0.6000000000000001,2.0
2025-05-08,101785,64.66589,24.40695,2.95,65.9,2.95,,0,0.0,2.468571428571429,,0.0
2021-05-19,101237,61.040298,28.129162,17.9,76.74,3.05,,0,0.0,16.492857142857144,,0.0
2026-05-27,100683,60.303725,25.549164,10.58,65.67,6.51,,0,0.0,13.674285714285714,,0.0
2021-05-21,101191,60.898392,26.948819,9.19,85.17,5.24,,0,0.0,14.894285714285715,,0.0
2021-05-19,101851,65.868932,24.179364,7.95,100.0,1.88,17.8,0,0.0,10.748571428571427,4.1000000000000005,0.0
2026-05-05,101237,61.040298,28.129162,7.53,68.25,4.47,0.3,0,0.0,8.132857142857143,4.2,0.0
2019-05-26,137208,62.393322,25.688617,7.96,90.42,2.57,3.9,0,0.0,12.882857142857144,23.0,0.0
2019-05-31,101851,65.868932,24.179364,6.43,85.0,5.06,24.7,0,0.0,8.392857142857142,21.0,0.0
2016-05-14,100947,60.37788,22.0964,10.9,92.21,2.8,,0,0.0,11.884285714285713,,0.0
2020-05-02,101726,63.840899,27.220614,6.13,49.25,4.84,0.0,0,2.0,0.0585714285714286,5.2,2.0
2019-05-12,101660,63.75144,22.52282,4.02,94.71,14.03,,0,0.0,5.137142857142857,,0.0
2026-05-22,100947,60.37788,22.0964,12.56,85.75,3.06,,0,0.0,10.452857142857143,,0.0
2026-05-27,101103,61.25294,22.34613,10.67,70.96,6.31,1.6,0,3.0,13.762857142857143,1.0,3.0
2026-05-20,101785,64.66589,24.40695,12.92,81.46,5.92,,0,0.0,10.459999999999999,,0.0
2026-05-30,101851,65.868932,24.179364,11.12,78.5,,2.8,0,4.0,10.892857142857142,12.4,4.0
2026-05-27,101044,61.460112,21.808395,10.56,70.83,6.94,0.3,0,3.0,12.67,0.4,3.0
2026-05-25,101252,61.1982,28.47308,12.62,61.04,9.1,,0,0.0,14.614285714285714,,0.0
2026-05-30,101786,64.935034,25.339195,13.64,53.25,3.14,,0,0.0,10.975714285714286,,0.0
2020-05-02,874863,60.177967,24.787433,8.7,72.67,4.27,6.1,0,0.0,,,0.0
2026-05-18,101528,63.44564,24.44422,12.13,59.21,1.52,,0,0.0,9.137142857142857,,0.0
2022-05-27,100683,60.303725,25.549164,9.27,92.58,2.01,,0,0.0,10.744285714285715,,0.0
2026-05-14,101660,63.75144,22.52282,8.42,91.25,6.38,,0,0.0,6.1657142857142855,,0.0
2015-05-14,101252,61.1982,28.47308,6.95,87.46,6.31,,0,0.0,8.748571428571429,,0.0
2021-05-06,101237,61.040298,28.129162,1.84,95.42,3.98,,0,0.0,3.1357142857142857,,0.0
2015-05-02,101660,63.75144,22.52282,4.09,86.67,7.54,,0,0.0,4.145714285714286,,0.0
2021-05-21,105427,61.136575,21.515178,6.92,87.92,,2.2,0,1.0,11.52142857142857,9.8,1.0
2019-05-26,101555,62.921782,26.424701,8.08,87.12,,3.1,0,0.0,11.540000000000001,30.5,0.0
2026-05-18,101118,61.419402,23.622561,12.42,59.88,1.56,,0,0.0,11.172857142857143,,0.0
2026-05-21,100683,60.303725,25.549164,11.89,90.33,2.25,,0,0.0,11.781428571428572,,0.0
2023-05-17,101785,64.66589,24.40695,11.56,87.83,6.02,,0,0.0,10.255714285714287,,0.0
2018-05-02,101191,60.898392,26.948819,6.89,93.96,,,0,0.0,6.237142857142857,,0.0
2026-05-15,101103,61.25294,22.34613,12.66,67.29,2.95,0.0,0,0.0,9.771428571428572,18.7,0.0
2015-05-26,100947,60.37788,22.0964,9.97,88.88,3.25,,0,0.0,9.212857142857144,,0.0
2023-05-17,101310,62.327833,23.542283,10.25,86.58,5.3,,0,0.0,13.271428571428572,,0.0
2015-05-14,101773,64.297563,30.170683,5.8,92.21,2.99,4.4,0,0.0,8.217142857142857,20.0,0.0
2026-05-24,101289,62.413445,22.183722,13.27,72.88,5.8,9.9,0,0.0,12.93142857142857,1.3,0.0
2026-05-26,100947,60.37788,22.0964,11.56,67.46,6.35,,0,0.0,12.757142857142856,,0.0
2026-05-28,101436,62.06302,28.56618,6.26,77.38,6.5,,0,0.0,12.370000000000001,,0.0
2026-05-15,101851,65.868932,24.179364,10.48,70.5,,0.0,0,0.0,7.128571428571428,14.7,0.0
2026-05-17,101785,64.66589,24.40695,9.05,83.54,3.68,,0,0.0,8.997142857142856,,0.0
2026-05-13,101851,65.868932,24.179364,8.12,65.96,,2.0,0,7.0,5.49,0.0,7.0
2026-05-19,101237,61.040298,28.129162,20.71,55.88,4.38,0.3,0,1.0,12.521428571428572,13.2,1.0
2025-05-08,101237,61.040298,28.129162,4.2,65.91,3.93,0.0,0,0.0,4.654285714285714,14.5,0.0
2026-05-05,101851,65.868932,24.179364,3.45,87.75,,4.0,0,7.0,5.388571428571429,0.0,7.0
2026-05-17,137208,62.393322,25.688617,12.0,62.25,3.15,0.0,0,0.0,10.604285714285714,13.0,0.0
2015-05-28,100683,60.303725,25.549164,12.78,64.38,4.48,,0,0.0,10.018571428571429,,0.0
2026-05-17,101976,68.3614,23.427546,9.88,58.54,2.78,,0,0.0,6.418571428571428,,0.0
2026-05-19,100683,60.303725,25.549164,16.3,75.96,3.45,,0,0.0,11.097142857142858,,0.0
2026-05-10,100955,60.374748,23.116611,9.74,48.33,,0.0,0,5.0,7.957142857142857,3.4,5.0
2020-05-03,101555,62.921782,26.424701,5.72,95.12,,3.7,0,4.0,2.1985714285714284,3.4,4.0
2026-05-30,101689,63.821333,24.163233,13.3,52.42,2.37,0.0,0,4.0,10.554285714285713,15.0,4.0
2022-05-27,137188,62.685713,22.842723,10.12,85.08,1.72,,0,0.0,11.754285714285714,,0.0
2026-05-26,101252,61.1982,28.47308,11.3,66.58,8.95,,0,0.0,14.512857142857143,,0.0
2015-05-13,100683,60.303725,25.549164,7.69,92.08,8.02,,0,0.0,8.428571428571429,,0.0
2026-05-16,101459,62.23539,30.34662,11.81,94.0,,0.5,0,0.0,9.758571428571429,11.1,0.0
2026-05-31,101787,64.684206,25.089192,13.11,81.58,2.38,0.3,0,5.0,9.930000000000001,11.0,5.0
2019-05-24,101362,61.704484,25.505293,8.99,76.5,3.04,,0,0.0,14.641428571428571,,0.0
2018-05-04,100683,60.303725,25.549164,8.43,79.08,5.4,,0,0.0,5.708571428571429,,0.0
2026-05-27,101256,62.333816,21.190813,10.03,80.92,10.76,2.4,0,2.0,10.679999999999998,6.8,2.0
2019-05-03,100683,60.303725,25.549164,1.67,60.58,6.47,,0,0.0,7.644285714285714,,0.0
2022-05-27,101756,64.111972,28.336389,9.06,73.38,2.19,0.0,0,3.0,10.231428571428571,1.2,3.0
2026-05-24,100967,60.464154,23.649757,14.86,62.96,3.69,0.0,0,4.0,13.522857142857143,0.7,4.0
2015-05-14,101785,64.66589,24.40695,4.51,94.58,7.37,,0,0.0,8.245714285714286,,0.0
2023-05-17,101660,63.75144,22.52282,8.94,95.0,8.31,,0,0.0,9.731428571428571,,0.0
2021-05-19,100947,60.37788,22.0964,10.9,85.33,8.0,,0,0.0,12.014285714285714,,0.0
2026-05-10,101785,64.66589,24.40695,9.3,42.04,4.88,,0,0.0,5.25,,0.0
2018-05-04,101785,64.66589,24.40695,3.04,95.67,5.83,,0,0.0,3.815714285714286,,0.0
2026-05-21,100947,60.37788,22.0964,11.13,87.25,4.26,,0,0.0,10.052857142857144,,0.0
2021-05-06,100947,60.37788,22.0964,5.46,91.5,3.29,,0,0.0,4.422857142857143,,0.0
2025-08-24,101933,66.579444,26.010944,10.22,82.58,2.17,0.1,0,0.0,9.244285714285713,8.2,0.0
2017-08-02,101851,65.868932,24.179364,16.06,80.96,1.85,0.0,0,0.0,17.341428571428573,2.6,0.0
2017-08-25,101785,64.66589,24.40695,10.08,83.5,7.88,,0,0.0,14.454285714285714,,0.0
2019-08-15,101785,64.66589,24.40695,13.28,95.5,6.24,,0,0.0,15.047142857142857,,0.0
2025-08-24,101690,64.05029,24.72468,9.15,94.5,1.65,4.5,0,0.0,9.418571428571429,20.0,0.0
2025-08-27,101851,65.868932,24.179364,10.26,79.62,,0.0,0,2.0,9.477142857142857,6.1000000000000005,2.0
2021-08-09,107029,60.485947,26.592089,17.05,92.08,2.61,11.4,0,0.0,15.557142857142859,24.9,0.0
2017-08-19,100947,60.37788,22.0964,17.86,88.38,7.68,,0,0.0,17.552857142857142,,0.0
2015-08-07,101785,64.66589,24.40695,16.79,90.17,5.99,,0,0.0,15.895714285714286,,0.0
2019-08-01,101785,64.66589,24.40695,12.66,83.55,3.69,,0,0.0,17.082857142857144,,0.0
2019-08-15,100683,60.303725,25.549164,16.5,65.96,4.05,,0,0.0,17.419999999999998,,0.0
2018-08-28,101291,61.838642,22.463678,12.31,83.21,2.24,0.1,0,0.0,14.14,27.900000000000002,0.0
2018-08-19,100683,60.303725,25.549164,18.18,78.33,4.95,,0,0.0,17.08857142857143,,0.0
2021-08-25,101065,60.515647,22.279155,13.2,91.0,3.31,,0,0.0,12.911428571428571,,0.0
2017-08-02,101831,64.663925,28.056704,14.1,84.17,1.68,1.1,0,0.0,15.732857142857142,5.8,0.0
2017-08-30,100934,60.386903,22.551826,17.18,89.0,,0.8,0,2.0,11.667142857142858,1.5,2.0
2019-08-01,101851,65.868932,24.179364,13.9,70.29,1.4,0.0,0,7.0,16.378571428571426,0.0,7.0
2021-08-25,100947,60.37788,22.0964,14.54,84.88,6.21,,0,0.0,14.524285714285714,,0.0
2017-08-25,137208,62.393322,25.688617,9.03,79.0,2.57,0.0,0,1.0,14.224285714285715,9.3,1.0
2019-08-01,100947,60.37788,22.0964,15.43,61.12,4.03,,0,0.0,20.63,,0.0
2019-08-15,101651,62.769415,30.974667,13.81,82.71,3.22,0.0,0,0.0,14.010000000000002,9.6,0.0
2024-08-02,137208,62.393322,25.688617,15.87,94.75,2.14,15.5,0,0.0,16.975,15.3,0.0
2015-08-12,100683,60.303725,25.549164,19.29,82.04,3.06,,0,0.0,18.154285714285713,,0.0
2021-08-25,101785,64.66589,24.40695,8.78,90.75,6.84,,0,0.0,12.984285714285715,,0.0
2016-08-17,101311,61.517566,23.753878,15.27,79.04,8.5,,0,0.0,13.697142857142856,,0.0
2015-08-07,101537,63.082247,25.858617,18.21,73.32,1.28,0.0,0,0.0,15.608571428571427,24.9,0.0
2021-08-09,100947,60.37788,22.0964,18.21,87.62,6.24,,0,0.0,17.30142857142857,,0.0
2024-08-31,101805,65.40014,26.96311,16.03,98.67,2.51,10.9,0,0.0,14.977142857142857,38.3,0.0
2024-08-31,100968,60.329368,24.97274,15.9,85.04,3.89,18.7,0,3.0,17.955714285714286,0.8,3.0
2017-08-02,100947,60.37788,22.0964,18.28,78.75,4.07,,0,0.0,18.502857142857142,,0.0
2024-08-01,101252,61.1982,28.47308,18.57,87.88,6.25,,0,0.0,21.39428571428571,,0.0
2017-08-30,101636,63.321083,30.045778,14.41,91.67,3.95,8.2,0,0.0,10.454285714285716,30.0,0.0
2019-08-15,101555,62.921782,26.424701,12.78,87.83,,5.1,0,0.0,15.395714285714286,16.5,0.0
2018-08-20,101252,61.1982,28.47308,16.6,70.21,3.88,,0,0.0,18.21857142857143,,0.0
2019-08-15,101773,64.297563,30.170683,11.65,96.42,1.82,14.2,0,0.0,12.785714285714286,23.799999999999997,0.0
2024-08-31,101237,61.040298,28.129162,16.79,91.83,2.55,5.1,0,3.0,16.66,10.4,3.0
2016-08-22,101150,60.999201,24.491625,17.18,89.67,3.69,7.8,0,2.0,15.438571428571427,28.799999999999997,2.0
2021-08-25,101272,62.183286,22.799827,11.47,95.04,,21.0,0,0.0,11.325714285714286,36.2,0.0
2024-08-01,137188,62.685713,22.842723,14.81,95.67,3.67,,0,0.0,17.23,,0.0
2018-08-19,137208,62.393322,25.688617,16.28,68.62,2.88,1.8,0,0.0,15.64,4.0,0.0
2017-08-19,100934,60.386903,22.551826,17.44,90.88,,4.8,0,0.0,16.49857142857143,9.700000000000001,0.0
2019-08-01,103794,60.627725,25.193422,10.98,68.79,2.19,0.0,0,7.0,18.49857142857143,0.0,7.0
2017-08-10,100947,60.37788,22.0964,18.48,80.71,7.02,,0,0.0,17.482857142857142,,0.0
2016-08-13,101191,60.898392,26.948819,13.12,93.58,,,0,0.0,15.381428571428572,,0.0
2023-08-31,101660,63.75144,22.52282,15.05,95.08,7.24,,0,0.0,15.405714285714286,,0.0
2021-08-09,101785,64.66589,24.40695,16.73,90.67,2.48,,0,0.0,16.127142857142857,,0.0
2021-08-09,101104,60.813972,23.49825,17.52,86.2,3.51,7.1,0,0.0,15.202857142857143,13.700000000000001,0.0
2017-08-02,101675,63.838822,23.097148,14.78,87.62,2.48,0.0,0,0.0,17.557142857142857,5.5,0.0
2017-08-10,137208,62.393322,25.688617,15.87,85.54,2.14,0.8,0,4.0,14.518571428571429,13.8,4.0
2017-08-30,101851,65.868932,24.179364,12.34,86.33,2.2,0.9,0,0.0,9.188571428571427,9.2,0.0
2024-08-01,105427,61.136575,21.515178,16.5,84.46,,5.9,0,0.0,18.54714285714286,2.9,0.0
2017-08-19,101785,64.66589,24.40695,17.33,85.04,4.52,,0,0.0,15.734285714285715,,0.0
2015-08-08,101785,64.66589,24.40695,16.83,90.0,6.03,,0,0.0,16.01142857142857,,0.0
2018-08-28,101103,61.25294,22.34613,13.61,78.29,2.07,0.0,0,0.0,15.144285714285715,23.4,0.0
2016-08-22,101851,65.868932,24.179364,15.02,98.04,3.09,20.7,0,1.0,14.214285714285714,4.1,1.0
2016-08-14,101660,63.75144,22.52282,,,4.08,,0,0.0,,,0.0
2021-08-25,100683,60.303725,25.549164,12.21,87.54,11.62,,0,0.0,14.20857142857143,,0.0
2019-08-15,101528,63.44564,24.44422,12.6,89.92,2.27,,0,0.0,14.555714285714286,,0.0
2018-08-23,101851,65.868932,24.179364,12.79,90.17,1.47,4.0,0,0.0,14.111428571428572,25.9,0.0
2019-08-15,100955,60.374748,23.116611,14.15,77.04,,0.7,0,0.0,17.19142857142857,25.9,0.0
2024-08-02,101191,60.898392,26.948819,17.15,91.62,2.41,4.4,0,0.0,18.915714285714284,10.0,0.0
2016-08-14,101486,62.938083,22.488778,11.32,97.79,1.3,41.0,0,0.0,13.97,25.0,0.0
2015-08-08,101851,65.868932,24.179364,17.13,87.71,1.78,0.4,0,0.0,14.975714285714286,11.3,0.0
2018-08-19,104796,60.974654,25.620202,16.59,76.96,,,0,0.0,18.03,,0.0
2025-08-24,101785,64.66589,24.40695,10.83,88.58,3.06,,0,0.0,12.912857142857144,,0.0
2025-08-24,137208,62.393322,25.688617,10.03,81.75,1.7,0.2,0,6.0,12.9,1.3,0.0
2021-08-25,137208,62.393322,25.688617,9.68,96.88,7.1,28.4,0,1.0,11.819999999999999,29.8,1.0
2021-08-25,101004,60.203071,24.961305,12.08,92.04,8.37,28.2,0,3.0,14.025714285714287,34.4,3.0
2018-08-20,101851,65.868932,24.179364,12.72,78.38,1.92,17.9,0,0.0,14.31857142857143,6.8,0.0
2019-08-15,101362,61.704484,25.505293,13.7,78.96,4.65,,0,0.0,16.56142857142857,,0.0
2016-08-13,101851,65.868932,24.179364,10.03,95.29,2.62,8.6,0,0.0,14.709999999999999,38.0,0.0
2018-07-05,100947,60.37788,22.0964,15.56,81.88,5.98,,0,0.0,15.081428571428571,,0.0
2022-07-30,100968,60.329368,24.97274,14.92,76.83,4.11,0.1,0,1.0,17.942857142857143,6.6,1.0
2023-07-01,101130,60.595889,24.802972,15.98,95.33,,15.2,0,1.0,18.262857142857143,32.3,1.0
2017-07-19,101362,61.704484,25.505293,12.33,86.21,5.53,,0,0.0,15.254285714285714,,0.0
2017-07-27,101785,64.66589,24.40695,16.51,87.75,2.19,,0,0.0,14.86,,0.0
2025-07-08,137188,62.685713,22.842723,13.19,72.67,3.34,,0,0.0,13.721428571428572,,0.0
2017-07-11,100683,60.303725,25.549164,16.51,88.92,4.94,,0,0.0,13.812857142857142,,0.0
2015-07-09,101785,64.66589,24.40695,13.67,95.29,7.02,,0,0.0,14.15857142857143,,0.0
2022-07-30,101237,61.040298,28.129162,13.88,87.33,3.1,,0,0.0,17.754285714285714,,0.0
2015-07-09,101851,65.868932,24.179364,14.53,75.96,3.85,1.0,0,0.0,14.180000000000001,21.1,0.0
2019-07-14,137208,62.393322,25.688617,11.62,65.46,1.82,0.0,0,5.0,12.295714285714284,2.7,5.0
2019-07-10,100955,60.374748,23.116611,16.95,57.5,,0.0,0,1.0,13.582857142857142,36.8,1.0
2023-07-02,101237,61.040298,28.129162,15.23,94.92,1.83,,0,0.0,19.66714285714286,,0.0
2016-07-04,101150,60.999201,24.491625,13.36,84.42,1.64,1.4,0,0.0,18.368571428571425,14.899999999999999,0.0
2018-07-08,101773,64.297563,30.170683,13.39,76.29,2.27,0.2,0,0.0,14.458571428571428,16.400000000000002,0.0
2016-07-04,101191,60.898392,26.948819,11.42,94.46,,,0,0.0,19.047142857142855,,0.0
2015-07-09,100683,60.303725,25.549164,15.34,87.92,4.75,,0,0.0,17.31142857142857,,0.0
2024-07-15,137208,62.393322,25.688617,18.82,76.71,2.22,0.7,0,0.0,17.652857142857144,19.4,0.0
2023-07-02,137208,62.393322,25.688617,12.31,84.33,2.57,0.1,0,0.0,17.875714285714285,41.4,0.0
2017-07-11,101785,64.66589,24.40695,16.88,72.92,3.46,,0,0.0,13.46142857142857,,0.0
2025-07-04,101572,63.143426,27.313171,11.17,89.46,6.11,6.6,0,0.0,15.262857142857143,40.9,0.0
2023-07-01,101118,61.419402,23.622561,15.28,95.25,1.8,,0,0.0,18.31,,0.0
2017-07-25,101103,61.25294,22.34613,16.04,79.12,2.49,0.0,0,2.0,14.034285714285716,4.2,2.0
2019-07-13,100947,60.37788,22.0964,15.87,59.62,5.71,,0,0.0,15.299999999999999,,0.0
2018-07-08,101851,65.868932,24.179364,17.74,62.62,1.84,0.0,0,3.0,16.93,0.4,3.0
2019-07-10,101805,65.40014,26.96311,11.04,70.67,3.65,0.0,0,2.0,12.79857142857143,5.8,2.0
2025-07-08,100947,60.37788,22.0964,14.83,83.21,4.56,,0,0.0,15.277142857142858,,0.0
2024-07-07,101660,63.75144,22.52282,15.81,79.71,12.96,,0,0.0,15.044285714285715,,0.0
2019-07-13,101660,63.75144,22.52282,11.89,79.12,6.87,,0,0.0,11.530000000000001,,0.0
2024-07-07,101914,66.772783,23.963029,13.88,85.25,3.71,6.2,0,1.0,14.938571428571427,22.6,1.0
2018-07-08,101103,61.25294,22.34613,17.87,67.46,3.98,0.0,0,1.0,16.275714285714283,23.2,1.0
2015-07-26,100955,60.374748,23.116611,15.83,87.58,,5.5,0,0.0,15.422857142857143,30.2,0.0
2019-07-10,100683,60.303725,25.549164,16.45,59.04,4.27,,0,0.0,13.51142857142857,,0.0
2016-07-07,855522,61.68751,27.20671,13.89,98.08,2.61,3.2,0,0.0,,,0.0
2017-07-27,101851,65.868932,24.179364,18.61,76.42,1.5,0.0,0,1.0,15.094285714285714,1.5,1.0
2017-07-11,101191,60.898392,26.948819,17.39,78.71,,,0,0.0,14.782857142857143,,0.0
2017-07-25,101628,62.54601,29.66818,13.66,92.04,4.4,,0,0.0,14.837142857142856,,0.0
2015-07-12,101950,66.715557,27.159063,9.61,73.62,2.37,0.0,0,4.0,10.875714285714285,6.1,4.0
2017-07-05,101103,61.25294,22.34613,12.74,72.58,5.27,0.0,0,0.0,15.912857142857144,9.6,0.0
2017-07-11,101660,63.75144,22.52282,15.7,81.54,4.92,,0,0.0,12.197142857142856,,0.0
2017-07-25,103794,60.627725,25.193422,15.27,85.08,1.99,1.7,0,0.0,13.03,5.0,0.0
2016-07-07,101103,61.25294,22.34613,12.99,82.62,5.23,0.7,0,3.0,17.158571428571427,10.5,3.0
2020-07-04,101959,66.816596,28.688292,12.59,73.57,3.85,0.8,0,0.0,12.12142857142857,34.3,0.0
2016-07-16,101191,60.898392,26.948819,17.55,81.71,,,0,0.0,16.47142857142857,,0.0
2017-07-02,101572,63.143426,27.313171,17.84,56.96,1.93,0.0,0,4.0,13.795714285714284,27.2,4.0
2017-07-02,101785,64.66589,24.40695,18.1,55.71,4.5,,0,0.0,13.788571428571428,,0.0
2015-07-26,101128,60.64668,23.80559,14.16,95.62,3.27,2.7,0,0.0,13.945714285714287,31.7,0.0
2020-07-04,100683,60.303725,25.549164,15.7,86.62,5.8,,0,0.0,18.002857142857142,,0.0
2019-07-13,101831,64.663925,28.056704,9.16,74.54,1.9,0.1,0,5.0,10.021428571428572,7.1,5.0
2019-07-10,101191,60.898392,26.948819,15.64,60.29,4.13,,0,0.0,12.935714285714285,,0.0
2016-07-06,101289,62.413445,22.183722,13.31,76.5,3.23,0.0,0,2.0,15.977142857142855,15.0,2.0
2024-07-05,100953,59.843831,23.248587,15.27,81.71,,4.0,0,0.0,17.205714285714286,16.6,0.0
2018-07-05,101851,65.868932,24.179364,16.41,73.57,3.04,0.0,0,0.0,14.455714285714285,7.6,0.0
2023-07-02,104796,60.974654,25.620202,15.51,95.25,,19.0,0,0.0,19.385714285714283,21.9,0.0
2025-07-08,101059,60.722198,21.02681,13.01,83.88,6.84,0.0,0,0.0,13.542857142857143,24.2,0.0
2015-07-30,100947,60.37788,22.0964,15.75,86.75,4.99,,0,0.0,16.28857142857143,,0.0
2017-07-05,101028,60.391715,25.607297,13.26,77.92,3.85,1.7,0,1.0,15.475714285714286,4.7,1.0
2019-07-14,102017,69.042769,20.850908,5.37,85.38,2.73,,0,0.0,8.891428571428571,,0.0
2024-07-15,100683,60.303725,25.549164,18.38,75.08,3.96,,0,0.0,18.264285714285716,,0.0
2017-07-02,100683,60.303725,25.549164,15.83,69.58,4.92,,0,0.0,14.428571428571429,,0.0
2016-07-06,101246,61.038791,28.563954,12.63,88.79,5.49,,0,0.0,16.94857142857143,,0.0
2019-07-14,101846,65.67318,24.515193,13.35,70.92,4.02,,0,0.0,13.865714285714287,,0.0
2023-07-01,101660,63.75144,22.52282,13.02,83.38,7.89,,0,0.0,16.898571428571426,,0.0
2024-07-05,101246,61.038791,28.563954,16.87,78.88,3.55,,0,0.0,18.014285714285712,,0.0
2024-07-15,101675,63.838822,23.097148,17.69,92.38,2.26,7.6,0,0.0,17.655714285714286,6.8,0.0
2017-07-05,100947,60.37788,22.0964,13.41,68.88,8.19,,0,0.0,15.215714285714286,,0.0
2015-07-12,100683,60.303725,25.549164,14.24,74.92,3.36,,0,0.0,15.882857142857143,,0.0
2016-07-04,101785,64.66589,24.40695,14.03,80.67,4.1,,0,0.0,17.775714285714287,,0.0
2018-07-08,101104,60.813972,23.49825,17.85,71.88,3.74,0.0,0,1.0,15.31857142857143,16.5,1.0
2017-07-27,100683,60.303725,25.549164,18.06,73.04,2.93,,0,0.0,15.494285714285713,,0.0
2015-07-30,101785,64.66589,24.40695,16.41,78.54,5.44,,0,0.0,15.42,,0.0
2018-06-08,101151,61.114537,24.324488,11.36,53.38,,0.0,0,1.0,13.721428571428572,0.3,1.0
2026-06-04,101690,64.05029,24.72468,19.3,65.58,3.18,0.0,0,1.0,12.807142857142859,2.3000000000000003,1.0
2023-06-24,101317,61.84591,24.286964,14.83,73.79,,0.5,0,1.0,19.66,2.0,1.0
2025-06-29,107029,60.485947,26.592089,13.78,88.0,4.32,8.7,0,0.0,13.775714285714287,24.5,0.0
2026-06-08,101840,65.789444,24.582778,14.99,75.08,4.07,,0,0.0,14.734285714285715,,0.0
2026-06-07,101536,62.510444,24.807639,14.98,73.54,3.12,0.0,0,0.0,15.805714285714286,20.3,0.0
2018-06-08,101256,62.333816,21.190813,10.1,68.79,4.79,0.0,0,6.0,11.391428571428571,0.3,6.0
2026-06-11,101128,60.64668,23.80559,12.97,82.96,1.92,13.9,0,0.0,15.737142857142857,8.3,0.0
2026-06-07,101194,60.6965,26.811056,15.98,80.26,,0.0,0,0.0,15.385714285714286,17.3,0.0
2026-06-02,101851,65.868932,24.179364,10.1,79.21,,0.7,0,0.0,10.28,8.9,0.0
2016-06-09,100947,60.37788,22.0964,9.82,59.96,9.47,,0,0.0,14.414285714285715,,0.0
2016-06-19,101851,65.868932,24.179364,13.1,94.25,1.37,2.6,0,0.0,13.098571428571429,37.6,0.0
2024-06-20,101873,65.977172,26.367571,13.0,77.58,2.93,0.7,0,1.0,14.120000000000001,38.9,1.0
2016-06-27,101950,66.715557,27.159063,17.43,53.25,2.74,0.0,0,1.0,14.427142857142856,3.1,1.0
2025-06-29,101851,65.868932,24.179364,12.34,95.08,,13.6,0,0.0,12.114285714285714,39.3,0.0
2024-06-18,101726,63.840899,27.220614,16.39,89.0,2.11,1.3,0,2.0,13.938571428571427,8.9,2.0
2016-06-27,101194,60.6965,26.811056,17.77,75.58,,4.3,0,2.0,18.302857142857142,2.8000000000000003,2.0
2017-06-25,101705,63.735886,25.705732,11.75,84.54,2.87,2.3,0,2.0,10.76,8.2,2.0
2023-06-04,100947,60.37788,22.0964,10.54,68.71,6.86,,0,0.0,9.98,,0.0
2016-06-18,101252,61.1982,28.47308,15.15,89.62,10.32,,0,0.0,14.322857142857144,,0.0
2025-06-29,101785,64.66589,24.40695,11.87,92.42,3.88,,0,0.0,12.558571428571428,,0.0
2025-06-02,101533,63.08898,24.26084,10.2,85.21,,5.1,0,0.0,11.347142857142858,24.5,0.0
2026-06-14,100683,60.303725,25.549164,12.45,89.61,4.85,,0,0.0,14.244285714285715,,0.0
2016-06-27,101272,62.183286,22.799827,15.66,81.54,,5.3,0,3.0,16.34857142857143,5.0,3.0
2026-06-10,101237,61.040298,28.129162,15.69,78.0,3.77,0.0,0,0.0,17.60857142857143,3.9,0.0
2017-06-25,101785,64.66589,24.40695,12.17,81.75,4.71,,0,0.0,10.938571428571427,,0.0
2025-06-02,101851,65.868932,24.179364,8.98,90.94,,,0,6.0,10.225714285714286,0.3,1.0
2025-06-25,101690,64.05029,24.72468,9.87,99.74,4.56,8.6,0,0.0,11.602857142857143,6.2,0.0
2024-06-20,101103,61.25294,22.34613,13.67,65.29,4.29,0.0,0,2.0,14.62857142857143,26.8,2.0
2024-06-18,137208,62.393322,25.688617,17.53,85.75,2.09,8.0,0,4.0,12.431999999999999,8.8,2.0
2016-06-16,101252,61.1982,28.47308,16.58,79.54,6.11,,0,0.0,11.901428571428571,,0.0
2025-06-02,100947,60.37788,22.0964,12.4,80.75,7.22,,0,0.0,11.388571428571428,,0.0
2024-06-20,101191,60.898392,26.948819,15.29,63.29,5.18,0.0,0,1.0,15.39857142857143,3.1,1.0
2026-06-09,101840,65.789444,24.582778,17.81,65.38,2.19,,0,0.0,15.434285714285712,,0.0
2026-06-02,105427,61.136575,21.515178,15.63,66.5,,0.0,0,5.0,12.098571428571429,0.4,5.0
2016-06-29,100947,60.37788,22.0964,17.82,74.46,4.34,,0,0.0,17.104285714285716,,0.0
2017-06-01,137208,62.393322,25.688617,4.54,63.12,5.98,0.4,0,0.0,8.187142857142858,6.6000000000000005,0.0
2026-06-12,100683,60.303725,25.549164,14.33,85.79,3.42,,0,0.0,14.774285714285714,,0.0
2025-06-24,101959,66.816596,28.688292,9.03,92.25,3.34,3.9,0,0.0,9.607142857142858,11.5,0.0
2016-06-09,101785,64.66589,24.40695,4.73,90.5,10.61,,0,0.0,10.20857142857143,,0.0
2024-06-18,100683,60.303725,25.549164,16.6,85.67,3.57,,0,0.0,14.618571428571428,,0.0
2026-06-14,101840,65.789444,24.582778,12.29,84.25,4.95,,0,0.0,14.767142857142858,,0.0
2016-06-18,101785,64.66589,24.40695,15.87,91.46,3.84,,0,0.0,12.032857142857143,,0.0
2025-06-29,101252,61.1982,28.47308,13.62,92.38,9.61,,0,0.0,14.924285714285714,,0.0
2015-06-26,101572,63.143426,27.313171,13.9,78.88,2.35,0.2,0,0.0,15.195714285714287,91.9,0.0
2025-06-25,101851,65.868932,24.179364,9.23,87.83,,1.7,0,0.0,11.9,34.6,0.0
2025-06-25,101785,64.66589,24.40695,10.71,86.21,8.47,,0,0.0,12.29857142857143,,0.0
2016-06-16,101104,60.813972,23.49825,14.73,95.96,5.27,17.8,0,5.0,11.831428571428573,0.5,5.0
2018-06-15,101785,64.66589,24.40695,16.83,59.62,8.06,,0,0.0,11.191428571428572,,0.0
2026-06-14,100967,60.464154,23.649757,11.68,86.12,3.79,3.6,0,0.0,13.967142857142857,31.4,0.0
2026-06-14,100947,60.37788,22.0964,12.55,82.32,7.24,,0,0.0,14.515714285714285,,0.0
2018-06-15,100947,60.37788,22.0964,15.29,83.96,7.64,,0,0.0,13.879999999999999,,0.0
2017-06-09,100968,60.329368,24.97274,14.2,80.42,2.45,0.5,0,0.0,11.73,24.8,0.0
2023-06-24,137208,62.393322,25.688617,15.9,75.08,2.29,0.0,0,0.0,19.842857142857145,24.200000000000003,0.0
2026-06-12,101103,61.25294,22.34613,12.71,85.29,3.4,5.0,0,0.0,16.485714285714288,22.2,0.0
2026-06-07,101632,62.601794,29.727131,18.17,68.08,,0.0,0,4.0,15.65857142857143,8.4,4.0
2026-06-03,101851,65.868932,24.179364,11.93,79.04,,0.0,0,0.0,10.200000000000001,9.6,0.0
2026-06-12,101246,61.038791,28.563954,15.6,80.33,4.41,,0,0.0,16.81,,0.0
2026-06-07,102033,68.61336,27.4189,17.99,79.54,3.22,,0,0.0,13.675714285714287,,0.0
2024-06-25,101976,68.3614,23.427546,15.66,64.96,4.22,,0,0.0,13.06,,0.0
2025-06-02,126736,64.216775,27.751937,10.78,82.29,2.16,1.0,0,0.0,12.365714285714287,11.8,0.0
2026-06-05,855522,61.68751,27.20671,19.61,63.79,3.56,0.9,0,0.0,,,0.0
2016-06-19,101660,63.75144,22.52282,,,7.8,,0,0.0,,,0.0
2025-06-24,101252,61.1982,28.47308,13.08,88.92,7.25,,0,0.0,14.40857142857143,,0.0
2019-09-24,101785,64.66589,24.40695,4.39,73.04,2.54,,0,0.0,7.067142857142857,,0.0
2023-09-30,101536,62.510444,24.807639,11.41,96.88,2.9,22.6,0,0.0,12.458571428571428,10.4,0.0
2019-09-30,101787,64.684206,25.089192,9.31,94.58,3.08,0.3,0,0.0,5.874285714285714,2.4,0.0
2023-09-29,101289,62.413445,22.183722,14.58,91.0,4.89,0.1,0,1.0,13.917142857142858,8.5,1.0
2024-09-14,101252,61.1982,28.47308,18.45,80.88,3.81,,0,0.0,18.415714285714284,,0.0
2019-09-29,101660,63.75144,22.52282,8.94,91.83,5.79,,0,0.0,8.727142857142857,,0.0
2019-09-26,101609,63.23236,29.23397,6.84,91.54,1.59,1.0,0,4.0,2.177142857142857,1.6,4.0
2018-09-11,101785,64.66589,24.40695,14.54,84.54,6.63,,0,0.0,14.141428571428571,,0.0
2023-09-29,101252,61.1982,28.47308,15.08,93.83,6.49,,0,0.0,14.967142857142857,,0.0
2022-09-16,101570,62.998421,27.808174,11.59,89.79,3.39,,0,0.0,10.967142857142857,,0.0
2019-09-25,101151,61.114537,24.324488,5.22,89.04,,0.2,0,0.0,5.904285714285714,7.699999999999999,0.0
2017-09-15,100947,60.37788,22.0964,12.88,83.62,5.57,,0,0.0,14.06857142857143,,0.0
2018-09-06,105427,61.136575,21.515178,16.02,81.71,,0.0,0,7.0,15.791428571428572,0.0,7.0
2016-09-28,100949,60.454391,22.178695,13.39,90.25,3.55,11.5,0,7.0,11.239999999999998,0.0,7.0
2017-09-29,100947,60.37788,22.0964,9.51,89.79,2.92,,0,0.0,12.647142857142857,,0.0
2015-09-18,101785,64.66589,24.40695,14.97,95.88,7.53,,0,0.0,13.271428571428572,,0.0
2021-09-30,100949,60.454391,22.178695,9.65,80.62,4.34,0.3,0,4.0,9.396666666666667,27.5,3.0
2024-09-14,101840,65.789444,24.582778,9.88,87.58,1.36,,0,0.0,15.4,,0.0
2019-09-12,101660,63.75144,22.52282,14.52,89.0,10.33,,0,0.0,13.952857142857143,,0.0
2017-09-10,100955,60.374748,23.116611,15.03,91.83,,9.3,0,0.0,11.754285714285714,16.2,0.0
2023-09-30,100968,60.329368,24.97274,14.38,87.67,5.38,1.6,0,0.0,14.834285714285715,12.2,0.0
2015-09-09,101252,61.1982,28.47308,12.67,75.58,4.42,,0,0.0,13.668571428571429,,0.0
2017-09-15,101726,63.840899,27.220614,6.27,93.29,1.92,0.4,0,0.0,10.709999999999999,58.7,0.0
2022-09-19,101104,60.813972,23.49825,10.36,90.17,3.93,3.9,0,0.0,9.91,28.400000000000002,0.0
2019-09-24,855522,61.68751,27.20671,2.45,80.62,1.22,0.0,0,2.0,4.22,4.4,2.0
2016-09-19,100683,60.303725,25.549164,9.9,76.58,2.93,,0,0.0,12.857142857142858,,0.0
2022-09-19,101785,64.66589,24.40695,10.57,86.79,9.91,,0,0.0,11.394285714285715,,0.0
2022-09-17,100683,60.303725,25.549164,10.5,89.25,2.37,,0,0.0,12.285714285714286,,0.0
2015-09-19,101851,65.868932,24.179364,12.92,92.83,2.2,2.8,0,0.0,13.022857142857143,48.4,0.0
2022-09-19,137208,62.393322,25.688617,9.73,95.25,3.62,4.0,0,1.0,10.1,16.8,1.0
2023-09-30,101785,64.66589,24.40695,12.92,92.08,5.22,,0,0.0,13.277142857142858,,0.0
2021-09-18,100947,60.37788,22.0964,9.52,67.42,5.38,,0,0.0,11.552857142857144,,0.0
2020-09-16,101805,65.40014,26.96311,6.27,92.54,5.22,31.3,0,2.0,9.038571428571428,7.6,2.0
2023-09-29,101124,61.465606,23.746783,15.7,88.21,,0.0,0,5.0,14.287142857142856,2.5,5.0
2015-09-20,101103,61.25294,22.34613,10.87,82.67,2.97,0.0,0,0.0,13.755714285714285,41.4,0.0
2019-09-26,101103,61.25294,22.34613,4.7,88.92,1.29,0.0,0,0.0,5.36,10.9,0.0
2015-09-19,101660,63.75144,22.52282,13.87,82.75,12.37,,0,0.0,13.807142857142859,,0.0
2024-09-24,100947,60.37788,22.0964,16.07,90.83,5.21,,0,0.0,14.154285714285715,,0.0
2021-09-18,101785,64.66589,24.40695,7.62,79.58,2.45,,0,0.0,8.28,,0.0
2019-09-30,101191,60.898392,26.948819,10.72,98.17,2.86,,0,0.0,6.635714285714286,,0.0
2024-09-24,101252,61.1982,28.47308,13.61,83.5,5.52,,0,0.0,13.801428571428572,,0.0
2019-09-26,100683,60.303725,25.549164,8.24,73.46,2.81,,0,0.0,6.937142857142858,,0.0
2022-09-26,101743,63.6673,28.82927,7.21,94.04,,0.0,0,5.0,6.88,1.6,5.0
2023-09-30,100949,60.454391,22.178695,14.06,88.12,3.29,4.0,0,0.0,14.820000000000002,12.6,0.0
2023-09-20,100683,60.303725,25.549164,15.81,81.5,6.06,,0,0.0,14.395714285714286,,0.0
2017-09-08,137208,62.393322,25.688617,9.82,97.29,1.87,2.4,0,0.0,9.280000000000001,4.7,0.0
2016-09-19,101851,65.868932,24.179364,10.02,92.04,1.02,0.0,0,3.0,8.811428571428571,2.6,3.0
2017-09-29,101959,66.816596,28.688292,5.11,97.04,1.84,,0,0.0,7.111428571428571,,0.0
2019-09-21,101873,65.977172,26.367571,1.21,87.83,1.72,0.0,0,4.0,3.5557142857142856,0.6,4.0
2019-09-29,100683,60.303725,25.549164,11.94,91.25,4.94,,0,0.0,7.795714285714285,,0.0
2024-04-17,101533,63.08898,24.26084,-0.27,67.92,,0.1,0,3.0,4.088571428571429,8.299999999999999,3.0
2025-04-23,101194,60.6965,26.811056,7.42,79.78,,0.0,0,1.0,8.767142857142856,24.7,1.0
2022-04-06,100967,60.464154,23.649757,-3.41,86.38,3.6,0.3,0,0.0,-2.8085714285714287,25.0,0.0
2024-04-16,101785,64.66589,24.40695,1.38,89.25,5.75,,0,0.0,3.1371428571428575,,0.0
2019-04-02,101436,62.06302,28.56618,2.68,57.75,5.03,,0,0.0,1.3957142857142857,,0.0
2016-04-04,101660,63.75144,22.52282,1.37,92.71,2.09,,0,0.0,1.2885714285714285,,0.0
2026-04-02,101932,67.36663,26.62901,1.12,60.46,4.01,0.0,0,0.0,0.6942857142857143,14.4,0.0
2022-04-04,101486,62.938083,22.488778,-1.34,85.0,1.67,3.2,0,1.0,-3.6228571428571428,2.0,1.0
2024-04-03,101459,62.23539,30.34662,-4.23,81.33,,9.8,0,0.0,1.9514285714285715,3.7,0.0
2022-04-06,101237,61.040298,28.129162,-2.95,69.96,3.9,,0,0.0,-3.437142857142857,,0.0
2022-04-06,101851,65.868932,24.179364,-0.57,83.79,3.56,6.1,0,0.0,-4.317142857142857,5.0,0.0
2016-04-26,101851,65.868932,24.179364,3.1,91.67,2.2,9.1,0,0.0,1.4585714285714286,11.8,0.0
2018-04-05,101660,63.75144,22.52282,0.85,98.0,0.12,,0,0.0,-4.448571428571428,,0.0
2017-04-12,101660,63.75144,22.52282,,,5.6,,0,0.0,,,0.0
2022-04-08,100947,60.37788,22.0964,2.63,88.7,10.11,,0,0.0,-0.06857142857142859,,0.0
2024-04-20,101851,65.868932,24.179364,-3.16,46.67,3.98,0.0,0,3.0,0.4685714285714285,5.8,3.0
2017-04-12,100683,60.303725,25.549164,0.92,75.08,4.37,,0,0.0,3.582857142857143,,0.0
2018-04-05,101851,65.868932,24.179364,0.34,93.04,2.19,3.8,0,0.0,-5.105714285714286,6.800000000000001,0.0
2016-04-27,137208,62.393322,25.688617,6.69,94.79,3.51,13.5,0,0.0,2.322857142857143,23.9,0.0
2024-04-03,101252,61.1982,28.47308,-2.8,79.5,10.91,,0,0.0,2.3957142857142855,,0.0
2022-04-04,101785,64.66589,24.40695,-3.55,75.5,6.6,,0,0.0,-4.771428571428571,,0.0
2018-04-05,101128,60.64668,23.80559,2.48,98.92,2.85,0.9,0,0.0,-2.6885714285714286,14.899999999999999,0.0
2024-04-14,101851,65.868932,24.179364,4.34,72.29,1.56,1.7,0,0.0,1.4685714285714284,12.6,0.0
2016-04-01,101103,61.25294,22.34613,1.31,91.12,3.12,0.0,0,1.0,3.8785714285714286,1.3,1.0
2018-04-01,100683,60.303725,25.549164,-1.23,79.83,4.32,,0,0.0,-2.5614285714285714,,0.0
2024-04-03,101103,61.25294,22.34613,-1.9,63.25,6.23,0.0,0,2.0,3.3885714285714283,9.8,2.0
2015-04-04,137208,62.393322,25.688617,1.77,85.62,3.55,0.1,0,0.0,0.9742857142857143,19.6,0.0
2016-04-24,100947,60.37788,22.0964,2.55,87.04,3.5,,0,0.0,4.112857142857143,,0.0
2020-04-28,101486,62.938083,22.488778,0.74,80.46,2.53,1.4,0,7.0,3.998571428571428,0.0,7.0
2024-04-23,101785,64.66589,24.40695,-1.2,93.92,5.14,,0,0.0,-1.92,,0.0
2024-04-28,101805,65.40014,26.96311,2.04,95.29,2.35,1.0,0,1.0,-0.4828571428571427,8.8,1.0
2024-04-01,101191,60.898392,26.948819,8.49,84.08,3.62,0.0,0,1.0,2.7214285714285715,6.8,1.0
2024-04-10,101794,65.00637,25.393248,5.4,82.75,7.1,,0,0.0,-3.09,,0.0
2024-04-05,101252,61.1982,28.47308,-3.83,73.75,6.63,,0,0.0,0.7242857142857143,,0.0
2016-04-04,137208,62.393322,25.688617,1.34,69.0,1.17,0.0,0,4.0,2.642857142857143,0.4,4.0
2024-04-21,101103,61.25294,22.34613,-1.76,66.25,3.55,0.0,0,0.0,2.1957142857142857,10.4,0.0
2022-04-04,101660,63.75144,22.52282,-2.69,85.46,7.72,,0,0.0,-3.207142857142857,,0.0
2023-04-24,101237,61.040298,28.129162,11.18,63.25,3.43,,0,0.0,7.684285714285714,,0.0
2025-04-14,101103,61.25294,22.34613,9.58,72.33,4.09,1.3,0,1.0,2.605714285714286,6.2,1.0
2021-04-05,101237,61.040298,28.129162,1.28,92.54,5.42,,0,0.0,2.967142857142857,,0.0
2021-04-05,101059,60.722198,21.02681,1.97,82.46,9.52,0.9,0,4.0,3.3114285714285714,3.8,4.0
2024-04-21,855522,61.68751,27.20671,-3.79,74.38,1.8,0.0,0,1.0,7.32,0.1,1.0
2016-04-01,100947,60.37788,22.0964,1.39,92.33,3.54,,0,0.0,2.54,,0.0
2026-04-30,855522,61.68751,27.20671,5.95,73.71,2.15,0.0,0,0.0,,,0.0
2020-04-14,100947,60.37788,22.0964,2.34,81.83,9.6,,0,0.0,4.152857142857143,,0.0
2018-04-02,100947,60.37788,22.0964,-0.3,83.79,6.91,,0,0.0,-2.6271428571428572,,0.0
2017-04-12,101785,64.66589,24.40695,-1.75,78.96,4.08,,0,0.0,0.0242857142857143,,0.0
2016-10-11,101851,65.868932,24.179364,2.95,88.08,1.2,0.0,0,7.0,4.392857142857143,0.0,7.0
2022-10-15,101191,60.898392,26.948819,9.5,95.92,3.67,,0,0.0,7.331428571428572,,0.0
2019-10-21,101851,65.868932,24.179364,-3.46,90.38,1.12,0.0,0,1.0,0.3157142857142857,3.1,1.0
2015-10-31,101636,63.321083,30.045778,2.4,93.67,3.36,0.4,0,1.0,2.1457142857142855,8.9,1.0
2019-10-19,101660,63.75144,22.52282,5.88,96.21,9.98,,0,0.0,3.7271428571428573,,0.0
2020-10-08,104796,60.974654,25.620202,12.09,93.58,,7.5,0,1.0,12.405714285714286,9.1,1.0
2025-10-31,101252,61.1982,28.47308,6.0,92.17,7.28,,0,0.0,6.881428571428572,,0.0
2020-10-26,107029,60.485947,26.592089,9.83,95.79,4.99,0.1,0,1.0,4.147142857142858,24.5,1.0
2016-10-24,100947,60.37788,22.0964,5.1,80.88,5.83,,0,0.0,5.402857142857143,,0.0
2016-10-17,101794,65.00637,25.393248,6.38,83.96,6.25,,0,0.0,5.097142857142857,,0.0
2022-10-14,101695,64.142631,25.423351,7.97,97.54,,,0,0.0,6.99,,0.0
2024-10-06,101851,65.868932,24.179364,0.97,95.75,2.18,2.2,0,1.0,5.311428571428571,0.7,1.0
2019-10-18,101851,65.868932,24.179364,2.96,92.92,2.06,2.0,0,2.0,0.5514285714285715,4.3,2.0
2021-10-31,107201,66.153519,24.99031,2.91,99.21,2.09,,0,0.0,-0.422857142857143,,0.0
2020-10-13,100947,60.37788,22.0964,9.18,80.75,5.8,,0,0.0,12.56,,0.0
2024-10-21,101237,61.040298,28.129162,9.16,88.0,4.62,1.6,0,5.0,6.691428571428572,4.7,5.0
2021-10-21,101785,64.66589,24.40695,2.06,91.0,4.66,,0,0.0,4.005714285714285,,0.0
2017-10-01,101933,66.579444,26.010944,4.79,96.04,1.39,0.0,0,5.0,7.54,0.8,5.0
2020-10-19,101237,61.040298,28.129162,0.31,94.04,2.7,,0,0.0,5.191428571428572,,0.0
2025-10-28,137208,62.393322,25.688617,4.85,97.33,2.15,3.8,0,1.0,6.960000000000001,7.3,0.0
2024-10-11,101237,61.040298,28.129162,12.2,90.17,4.21,0.9,0,0.0,6.2457142857142856,10.7,0.0
2024-10-10,137208,62.393322,25.688617,7.3,99.12,5.85,9.6,0,3.0,5.475,1.7,0.0
2019-10-12,101194,60.6965,26.811056,8.32,98.5,,14.3,0,0.0,3.3685714285714288,2.2,0.0
2019-10-18,101272,62.183286,22.799827,5.15,99.25,,1.3,0,0.0,2.6342857142857143,13.4,0.0
2020-10-21,101150,60.999201,24.491625,3.43,95.29,4.67,5.8,0,1.0,3.1385714285714283,5.2,1.0
2023-10-14,855522,61.68751,27.20671,8.43,93.46,4.36,8.4,0,0.0,,,0.0
2025-10-27,100924,60.111626,21.698278,8.28,88.12,4.8,,0,0.0,9.712857142857143,,0.0
2024-10-11,101246,61.038791,28.563954,12.5,85.88,5.47,,0,0.0,5.58,,0.0
2019-10-27,101660,63.75144,22.52282,1.42,86.42,5.26,,0,0.0,5.727142857142858,,0.0
2025-10-08,101237,61.040298,28.129162,11.29,84.46,3.98,0.5,0,0.0,7.031428571428571,4.3,0.0
2024-10-14,101785,64.66589,24.40695,5.06,92.42,2.81,,0,0.0,4.895714285714286,,0.0
2019-10-19,100683,60.303725,25.549164,11.32,93.46,5.19,,0,0.0,6.652857142857143,,0.0
2020-10-20,101785,64.66589,24.40695,1.23,82.88,3.53,,0,0.0,5.017142857142857,,0.0
2015-11-29,100683,60.303725,25.549164,4.7,87.08,8.93,,0,0.0,3.1814285714285715,,0.0
2019-11-14,101154,61.054083,25.038444,6.89,98.71,,,0,0.0,0.5857142857142856,,0.0
2019-11-21,100947,60.37788,22.0964,4.89,86.08,6.07,,0,0.0,5.8342857142857145,,0.0
2023-11-25,101555,62.921782,26.424701,-13.35,86.12,,0.2,0,0.0,-4.605714285714286,5.5,0.0
2022-11-06,101785,64.66589,24.40695,3.19,92.92,6.96,,0,0.0,3.7885714285714287,,0.0
2018-11-24,101851,65.868932,24.179364,-1.59,80.62,1.93,0.0,0,7.0,-2.052857142857143,0.0,7.0
2016-11-16,101124,61.465606,23.746783,0.62,98.08,,1.6,0,0.0,-3.6371428571428575,9.0,0.0
2020-11-29,101785,64.66589,24.40695,-0.45,87.12,5.94,,0,0.0,0.04857142857142859,,0.0
2022-11-12,137208,62.393322,25.688617,9.2,79.08,7.16,0.1,0,0.0,4.027142857142858,27.900000000000002,0.0
2015-11-26,101632,62.601794,29.727131,1.25,79.75,,0.7,0,0.0,-0.7428571428571429,16.8,0.0
2015-11-07,101362,61.704484,25.505293,6.95,92.79,7.33,,0,0.0,7.547142857142857,,0.0
2025-11-21,855522,61.68751,27.20671,-0.55,94.12,1.64,2.5,0,0.0,,,0.0
2018-11-26,101785,64.66589,24.40695,-0.57,74.42,7.86,,0,0.0,2.2314285714285713,,0.0
2019-11-19,100947,60.37788,22.0964,7.5,92.12,7.73,,0,0.0,5.461428571428571,,0.0
2022-11-30,101785,64.66589,24.40695,-1.35,92.17,3.44,,0,0.0,-3.65,,0.0
2022-11-28,137208,62.393322,25.688617,-2.67,97.75,2.83,0.0,0,0.0,-4.837142857142857,0.2,0.0
2019-11-19,101528,63.44564,24.44422,3.0,97.17,1.95,,0,0.0,-0.07428571428571429,,0.0
2022-11-07,101191,60.898392,26.948819,7.38,97.42,4.87,,0,0.0,3.294285714285714,,0.0
2020-11-13,100946,59.808642,22.912464,6.5,84.92,10.37,,0,0.0,8.461428571428572,,0.0
2023-11-28,101785,64.66589,24.40695,-5.68,87.92,9.93,,0,0.0,-7.112857142857143,,0.0
2017-11-03,101150,60.999201,24.491625,1.45,89.25,2.95,0.0,0,0.0,-0.43285714285714283,16.900000000000002,0.0
2019-11-11,100955,60.374748,23.116611,0.74,99.17,,0.0,0,0.0,0.08142857142857148,24.0,0.0
2019-11-13,101851,65.868932,24.179364,-0.21,96.62,3.69,6.5,0,1.0,-10.042857142857143,7.3,1.0
2020-12-13,101130,60.595889,24.802972,-2.15,93.33,,0.0,0,0.0,-1.3,2.3,0.0
2023-12-06,101851,65.868932,24.179364,-15.63,85.08,1.94,0.5,0,0.0,-9.454285714285714,4.0,0.0
2023-12-04,101104,60.813972,23.49825,-18.68,84.96,1.49,0.0,0,0.0,-7.942857142857143,5.8,0.0
2019-12-11,101191,60.898392,26.948819,-2.15,93.83,5.18,,0,0.0,2.192857142857143,,0.0
2022-12-29,101851,65.868932,24.179364,-5.76,91.0,3.02,0.0,0,0.0,-9.549999999999999,21.9,0.0
2015-12-14,101660,63.75144,22.52282,-0.46,76.62,5.1,,0,0.0,2.9185714285714286,,0.0
2020-12-16,100683,60.303725,25.549164,3.02,95.67,5.42,,0,0.0,-0.08999999999999998,,0.0
2022-12-30,101785,64.66589,24.40695,-0.04,91.12,8.3,,0,0.0,-3.6914285714285713,,0.0
2025-12-15,101237,61.040298,28.129162,-1.8,97.75,2.32,2.8,0,0.0,-1.8385714285714285,20.7,0.0
2022-12-02,101418,61.892296,27.885278,-3.45,92.75,2.04,,0,0.0,-3.1142857142857143,,0.0
2017-12-13,101185,61.26521,25.520206,-0.9,92.5,2.8,,0,0.0,0.25285714285714284,,0.0
2024-12-18,101441,61.801861,29.315056,-20.48,79.5,,0.0,0,1.0,-8.004285714285714,18.7,1.0
2018-12-12,101289,62.413445,22.183722,-0.83,93.67,2.4,0.0,0,1.0,0.6142857142857142,13.5,1.0
2019-12-17,101785,64.66589,24.40695,0.47,99.33,5.18,,0,0.0,0.19,,0.0
2025-12-17,101252,61.1982,28.47308,3.69,96.71,7.35,,0,0.0,-1.06,,0.0
2024-12-19,101660,63.75144,22.52282,-1.56,95.04,9.51,,0,0.0,-5.232857142857142,,0.0
2024-12-01,101636,63.321083,30.045778,3.14,97.88,3.09,1.7,0,0.0,1.5742857142857143,28.2,0.0
2021-12-02,101785,64.66589,24.40695,-12.65,88.5,2.25,,0,0.0,-9.332857142857142,,0.0
2024-03-24,101785,64.66589,24.40695,-5.3,73.08,3.56,,0,0.0,-2.0485714285714285,,0.0
2016-03-14,101191,60.898392,26.948819,0.32,90.67,,0.4,0,1.0,-0.4628571428571429,11.2,1.0
2016-03-06,100947,60.37788,22.0964,0.58,91.08,3.65,,0,0.0,-1.0857142857142856,,0.0
2023-03-18,101237,61.040298,28.129162,2.65,59.21,5.71,,0,0.0,-3.042857142857143,,0.0
2025-03-10,101191,60.898392,26.948819,1.61,72.42,3.82,0.2,0,3.0,2.23,9.6,3.0
2019-03-24,100947,60.37788,22.0964,3.58,63.54,8.15,,0,0.0,1.9599999999999997,,0.0
2026-03-13,101237,61.040298,28.129162,4.45,77.21,5.01,0.0,0,0.0,1.95,2.4,0.0
2015-03-30,100947,60.37788,22.0964,1.99,95.26,7.66,,0,0.0,1.957142857142857,,0.0
2021-03-08,874863,60.177967,24.787433,-6.47,63.04,4.2,0.0,0,0.0,,,0.0
2018-03-24,100947,60.37788,22.0964,0.28,87.0,8.5,,0,0.0,-2.4714285714285715,,0.0
2019-03-10,100947,60.37788,22.0964,-2.48,82.46,5.32,,0,0.0,-2.1314285714285712,,0.0
2025-03-15,101695,64.142631,25.423351,-2.12,85.42,,,0,0.0,-5.215714285714285,,0.0
2018-03-09,101555,62.921782,26.424701,-5.5,93.75,,3.7,0,4.0,-9.90857142857143,0.2,4.0
2025-03-15,101256,62.333816,21.190813,1.68,78.08,14.58,0.0,0,4.0,-0.6900000000000001,6.8,4.0
2018-03-17,101191,60.898392,26.948819,-8.13,66.96,,,0,0.0,-3.6928571428571426,,0.0
2016-03-13,101252,61.1982,28.47308,-2.65,87.12,2.16,,0,0.0,-0.4057142857142857,,0.0
2023-02-20,101914,66.772783,23.963029,-7.49,89.58,2.45,2.3,0,0.0,-2.562857142857143,11.9,0.0
2020-02-21,101185,61.26521,25.520206,1.85,89.29,4.86,,0,0.0,1.577142857142857,,0.0
2016-02-22,101851,65.868932,24.179364,-3.57,90.42,3.23,4.4,0,0.0,-3.2857142857142856,15.3,0.0
2015-02-28,100947,60.37788,22.0964,1.58,92.67,6.18,,0,0.0,1.7085714285714286,,0.0
2024-02-26,101252,61.1982,28.47308,0.15,99.54,2.95,,0,0.0,-1.0485714285714287,,0.0
2017-02-28,101851,65.868932,24.179364,-5.9,88.5,2.93,2.2,0,3.0,-11.687142857142858,9.4,3.0
2016-02-24,101252,61.1982,28.47308,-2.77,92.25,5.19,,0,0.0,-2.85,,0.0
2021-02-12,101194,60.6965,26.811056,-13.14,88.96,,0.0,0,7.0,-13.055714285714286,0.0,7.0
2018-02-04,100683,60.303725,25.549164,-10.6,84.42,4.34,,0,0.0,-1.9571428571428573,,0.0
2016-02-19,100947,60.37788,22.0964,0.98,94.5,3.38,,0,0.0,0.21571428571428572,,0.0
2018-02-18,100683,60.303725,25.549164,-8.24,83.62,3.02,,0,0.0,-2.975714285714286,,0.0
2018-02-20,101705,63.735886,25.705732,-20.0,84.96,1.2,0.0,0,5.0,-8.62,1.4,5.0
2021-02-02,101103,61.25294,22.34613,-10.34,90.38,1.4,0.7,0,1.0,-6.911428571428571,11.5,1.0
2019-02-18,137208,62.393322,25.688617,-3.14,90.88,2.48,0.5,0,4.0,-1.052857142857143,3.3,4.0
2025-01-30,100947,60.37788,22.0964,1.94,88.25,6.9,,0,0.0,2.8085714285714287,,0.0
2016-01-28,101851,65.868932,24.179364,-5.59,95.96,1.17,0.0,0,0.0,-10.217142857142857,20.8,0.0
2018-01-22,137208,62.393322,25.688617,-18.95,86.0,1.27,0.0,0,2.0,-9.554285714285713,3.3000000000000003,2.0
2019-01-20,101851,65.868932,24.179364,-21.55,81.5,1.0,0.0,0,3.0,-14.23857142857143,10.0,3.0
2023-01-03,101840,65.789444,24.582778,-8.51,90.75,3.09,,0,0.0,-4.785714285714286,,0.0
2016-01-25,101059,60.722198,21.02681,-0.8,97.17,4.71,0.0,0,0.0,-6.091428571428572,6.6000000000000005,0.0
2017-01-12,101660,63.75144,22.52282,,,14.48,,0,0.0,,,0.0
